INSERT INTO bank_accounts (bank_account_id, balance) VALUES
(1001, 117906),
(1002, 20505),
(1003, 239814),
(1004, 228098),
(1005, 133168),
(1006, 193902),
(1007, 85377),
(1008, 202108),
(1009, 282247),
(1010, 215161),
(1011, 172348),
(1012, 242427),
(1013, 187292),
(1014, 167727),
(1015, 21333),
(1016, 143891),
(1017, 294447),
(1018, 80701),
(1019, 448),
(1020, 223938),
(1021, 231406),
(1022, 234135),
(1023, 50034),
(1024, 5333),
(1025, 231421),
(1026, 299047),
(1027, 157960),
(1028, 291943),
(1029, 63869),
(1030, 44772),
(1031, 143646),
(1032, 295592),
(1033, 288155),
(1034, 48607),
(1035, 221588),
(1036, 69344),
(1037, 101844),
(1038, 193783),
(1039, 12835),
(1040, 273092),
(1041, 127936),
(1042, 193266),
(1043, 206771),
(1044, 288271),
(1045, 165911),
(1046, 112861),
(1047, 291276),
(1048, 124763),
(1049, 106616),
(1050, 179740),
(1051, 286962),
(1052, 176988),
(1053, 229636),
(1054, 91057),
(1055, 28967),
(1056, 209639),
(1057, 262213),
(1058, 200710),
(1059, 91502),
(1060, 48558),
(1061, 111157),
(1062, 19451),
(1063, 3145),
(1064, 252611),
(1065, 247463),
(1066, 241532),
(1067, 54933),
(1068, 260020),
(1069, 43250),
(1070, 117517),
(1071, 174768),
(1072, 155477),
(1073, 58589),
(1074, 33086),
(1075, 217636),
(1076, 247319),
(1077, 181537),
(1078, 299375),
(1079, 128697),
(1080, 3227),
(1081, 183998),
(1082, 229524),
(1083, 246976),
(1084, 227038),
(1085, 248558),
(1086, 190012),
(1087, 193755),
(1088, 82382),
(1089, 265796),
(1090, 160990),
(1091, 26150),
(1092, 294596),
(1093, 232385),
(1094, 539),
(1095, 145733),
(1096, 894),
(1097, 66608),
(1098, 41202),
(1099, 254775),
(1100, 2996),
(0, 0);

INSERT INTO opticians (optician_id, bank_account_id, optician_country, name)VALUES
(10001, 1001, 'Sweden', 'Specsavers'),
(10002, 1002, 'Sweden', 'Instrumentarium'),
(10003, 1003, 'Sweden', 'Specsavers'),
(10004, 1004, 'Sweden', 'Nissen'),
(10005, 1005, 'Norway', 'Nissen'),
(10006, 1006, 'Sweden', 'Specsavers'),
(10007, 1007, 'Sweden', 'Instrumentarium'),
(10008, 1008, 'Sweden', 'Specsavers'),
(10009, 1009, 'Sweden', 'Instrumentarium'),
(10010, 1010, 'Sweden', 'Instrumentarium'),
(10011, 1011, 'Finland', 'Nissen'),
(10012, 1012, 'Sweden', 'Nissen'),
(10013, 1013, 'Norway', 'Specsavers'),
(10014, 1014, 'Sweden', 'Specsavers'),
(10015, 1015, 'Norway', 'Nissen'),
(10016, 1016, 'Sweden', 'Instrumentarium'),
(10017, 1017, 'Sweden', 'Nissen'),
(10018, 1018, 'Sweden', 'Specsavers'),
(10019, 1019, 'Sweden', 'Nissen'),
(10020, 1020, 'Norway', 'Instrumentarium'),
(10021, 1021, 'Sweden', 'Specsavers'),
(10022, 1022, 'Sweden', 'Nissen'),
(10023, 1023, 'Sweden', 'Instrumentarium'),
(10024, 1024, 'Sweden', 'Specsavers'),
(10025, 1025, 'Norway', 'Instrumentarium'),
(10026, 1026, 'Sweden', 'Instrumentarium'),
(10027, 1027, 'Norway', 'Nissen'),
(10028, 1028, 'Sweden', 'Nissen'),
(10029, 1029, 'Sweden', 'Nissen'),
(10030, 1030, 'Norway', 'Specsavers'),
(10031, 1031, 'Sweden', 'Instrumentarium'),
(10032, 1032, 'Finland', 'Specsavers'),
(10033, 1033, 'Sweden', 'Specsavers'),
(10034, 1034, 'Sweden', 'Instrumentarium'),
(10035, 1035, 'Norway', 'Instrumentarium'),
(10036, 1036, 'Sweden', 'Instrumentarium'),
(10037, 1037, 'Sweden', 'Instrumentarium'),
(10038, 1038, 'Finland', 'Instrumentarium'),
(10039, 1039, 'Sweden', 'Instrumentarium'),
(10040, 1040, 'Finland', 'Nissen'),
(10041, 1041, 'Norway', 'Instrumentarium'),
(10042, 1042, 'Sweden', 'Nissen'),
(10043, 1043, 'Sweden', 'Specsavers'),
(10044, 1044, 'Sweden', 'Instrumentarium'),
(10045, 1045, 'Finland', 'Instrumentarium'),
(10046, 1046, 'Sweden', 'Specsavers'),
(10047, 1047, 'Sweden', 'Specsavers'),
(10048, 1048, 'Sweden', 'Instrumentarium'),
(10049, 1049, 'Finland', 'Specsavers'),
(10050, 1050, 'Finland', 'Nissen'),
(0, 0, 'Finland', 'Nissen'),
(1, 0, 'Finland', 'OpticX');

INSERT INTO optician_employees (employee_id, optician_id, optician_country, optician_employee_country, social_security_number, email, password, first_name, last_name, access_level) VALUES
(1, 10001, 'Sweden', 'Sweden', '127268-030U', 'btreswell0@friendfeed.com', '5DF7Ojbcoch', 'Betta', 'Treswell', 'Normal'),
(2, 10002, 'Sweden', 'Sweden', '336948-952S', 'ichipp1@fastcompany.com', 'HkpBRg', 'Ilaire', 'Chipp', 'Moderator'),
(3, 10003, 'Sweden', 'Sweden', '902672-174R', 'hcastagneri2@istockphoto.com', 'amAOMWGl64tq', 'Henryetta', 'Castagneri', 'Moderator'),
(4, 10004, 'Sweden', 'Sweden', '567420-766D', 'jflatt3@miibeian.gov.cn', 'oHnVpns', 'James', 'Flatt', 'Normal'),
(5, 10005, 'Norway', 'Norway', '895768-226U', 'pgoodram4@dot.gov', 'lKOyG4W', 'Patience', 'Goodram', 'Normal'),
(6, 10006, 'Sweden', 'Sweden', '018247-704S', 'spaddeley5@bloglines.com', 'I45dCKkJx', 'Sile', 'Paddeley', 'Moderator'),
(7, 10007, 'Sweden', 'Sweden', '590632-379Y', 'gmerritt6@indiatimes.com', 'li9rMZmdc', 'Gay', 'Merritt', 'Administrator'),
(8, 10008, 'Sweden', 'Sweden', '147263-062Y', 'froos7@mediafire.com', 'h1R8wg6dhby', 'Fredra', 'Roos', 'Administrator'),
(9, 10009, 'Sweden', 'Sweden', '201511-658L', 'gharrinson8@cdc.gov', '5wGwWGFC', 'Guenna', 'Harrinson', 'Moderator'),
(10, 10010, 'Sweden', 'Sweden', '431750-400L', 'ewarry9@umn.edu', '4ZKOT1Gwdd', 'Eadie', 'Warry', 'Normal'),
(11, 10011, 'Finland', 'Finland', '972661-149A', 'smechica@mac.com', 'KwsdCwTvzxW', 'Sophia', 'Mechic', 'Moderator'),
(12, 10012, 'Sweden', 'Sweden', '402736-482A', 'lblareb@europa.eu', 'TmkPmJ', 'Libby', 'Blare', 'Administrator'),
(13, 10013, 'Norway', 'Norway', '939526-272K', 'jeirwinc@bloglines.com', 'LAE4EAORMp', 'Josefa', 'Eirwin', 'Normal'),
(14, 10014, 'Sweden', 'Sweden', '061420-072F', 'faloshechkind@cargocollective.com', '2dgT08', 'Franzen', 'Aloshechkin', 'Moderator'),
(15, 10015, 'Norway', 'Norway', '912232-800Y', 'dsavelle@aboutads.info', 'IgREAEQ4WOkQ', 'Devin', 'Savell', 'Normal'),
(16, 10016, 'Sweden', 'Sweden', '304472-221F', 'cponcefordf@virginia.edu', 'xpcpyUUte', 'Con', 'Ponceford', 'Administrator'),
(17, 10017, 'Sweden', 'Sweden', '369391-056N', 'lmiddlerg@dagondesign.com', 'c7RmyDlmaOV', 'Lurette', 'Middler', 'Moderator'),
(18, 10018, 'Sweden', 'Sweden', '859205-727Z', 'cabbisonh@wufoo.com', 'E0XxnZ6DI', 'Cari', 'Abbison', 'Administrator'),
(19, 10019, 'Sweden', 'Sweden', '797687-558T', 'mwarri@blogtalkradio.com', 'zgQ1Dy4NeV', 'Morgan', 'Warr', 'Normal'),
(20, 10020, 'Norway', 'Norway', '100747-086S', 'mhassewellj@yelp.com', '1x2yt7', 'Mycah', 'Hassewell', 'Moderator'),
(21, 10021, 'Sweden', 'Sweden', '840896-428R', 'fshirtliffk@cafepress.com', 'h94xR7LDy', 'Franklyn', 'Shirtliff', 'Normal'),
(22, 10022, 'Sweden', 'Sweden', '031410-332Q', 'byearnl@eepurl.com', 'YWUkSK9JrG', 'Berne', 'Yearn', 'Moderator'),
(23, 10023, 'Sweden', 'Sweden', '878669-852I', 'uesilmonm@free.fr', 'm92he7rCuU7H', 'Urson', 'Esilmon', 'Moderator'),
(24, 10024, 'Sweden', 'Sweden', '643513-049A', 'ncolegaten@fda.gov', 'OKY6NfD', 'Natasha', 'Colegate', 'Moderator'),
(25, 10025, 'Norway', 'Norway', '197229-874W', 'wreasceo@ebay.com', 'BgArR3', 'Walther', 'Reasce', 'Administrator'),
(26, 10026, 'Sweden', 'Sweden', '477224-088R', 'mcereceresp@blogspot.com', 'i2gIBAWgy', 'Margaux', 'Cereceres', 'Moderator'),
(27, 10027, 'Norway', 'Norway', '201314-344G', 'jjellingsq@g.co', 'wS9t6EAZyOyg', 'Jen', 'Jellings', 'Normal'),
(28, 10028, 'Sweden', 'Sweden', '188236-182A', 'fjindrichr@cyberchimps.com', 'PAEV3HQiecU', 'Florinda', 'Jindrich', 'Normal'),
(29, 10029, 'Sweden', 'Sweden', '695311-231D', 'sbowketts@home.pl', 'SOyG5yHgfA', 'Sella', 'Bowkett', 'Normal'),
(30, 10030, 'Norway', 'Norway', '260259-453S', 'kravenshawt@bigcartel.com', 'PUbpsbcdgcLD', 'Katrina', 'Ravenshaw', 'Administrator'),
(31, 10031, 'Sweden', 'Sweden', '237026-092W', 'jcadallederu@sciencedirect.com', 'rFOiZFGrg', 'Jefferson', 'Cadalleder', 'Normal'),
(32, 10032, 'Finland', 'Finland', '299025-530R', 'sburbagev@psu.edu', 'yAEGhRIL', 'Stephie', 'Burbage', 'Administrator'),
(33, 10033, 'Sweden', 'Sweden', '891103-100L', 'usherreardw@plala.or.jp', 'yX0EVrqT', 'Ugo', 'Sherreard', 'Normal'),
(34, 10034, 'Sweden', 'Sweden', '157257-067O', 'jmalyonx@jugem.jp', 'swXUfMAU', 'Jeno', 'Malyon', 'Administrator'),
(35, 10035, 'Norway', 'Norway', '984027-591U', 'alidgardy@arstechnica.com', 'DPpauyC', 'Archibald', 'Lidgard', 'Normal'),
(36, 10036, 'Sweden', 'Sweden', '268661-904T', 'ahargeriez@uiuc.edu', 'CTJXtvcA', 'Adrienne', 'Hargerie', 'Administrator'),
(37, 10037, 'Sweden', 'Sweden', '589173-603H', 'rwoodroff10@cargocollective.com', 'EWjw7PB1Y', 'Richardo', 'Woodroff', 'Administrator'),
(38, 10038, 'Finland', 'Finland', '672403-196B', 'bking11@google.ru', 'H7iSG9', 'Bella', 'King', 'Administrator'),
(39, 10039, 'Sweden', 'Sweden', '968405-865Y', 'jerbe12@list-manage.com', 'PXEbTGWk', 'Jedidiah', 'Erbe', 'Normal'),
(40, 10040, 'Finland', 'Finland', '344612-109H', 'rgothard13@pagesperso-orange.fr', 'J0bPqXFAD', 'Rhett', 'Gothard', 'Normal'),
(41, 10041, 'Norway', 'Norway', '938330-679Z', 'stitman14@cmu.edu', 'aSXpzX', 'See', 'Titman', 'Normal'),
(42, 10042, 'Sweden', 'Sweden', '556053-123I', 'poakenfall15@mayoclinic.com', 'nTFwBwTwjXor', 'Putnam', 'Oakenfall', 'Normal'),
(43, 10043, 'Sweden', 'Sweden', '308522-067F', 'abullas16@technorati.com', 'GiRPdVfvZa', 'Audy', 'Bullas', 'Normal'),
(44, 10044, 'Sweden', 'Sweden', '409407-926U', 'ccaselick17@tripadvisor.com', 'kINwklS', 'Charisse', 'Caselick', 'Normal'),
(45, 10045, 'Finland', 'Finland', '170820-625C', 'dmattiessen18@marketwatch.com', '4zeNcaIcNGzq', 'Durante', 'Mattiessen', 'Normal'),
(46, 10046, 'Sweden', 'Sweden', '532485-764D', 'aglazzard19@salon.com', 'tgXLdGRGq8', 'Augie', 'Glazzard', 'Normal'),
(47, 10047, 'Sweden', 'Sweden', '642442-511J', 'dwenham1a@princeton.edu', '44Lwt9yo', 'Dalt', 'Wenham', 'Normal'),
(48, 10048, 'Sweden', 'Sweden', '850387-653G', 'vgligorijevic1b@smh.com.au', '8DSwsy', 'Van', 'Gligorijevic', 'Administrator'),
(49, 10049, 'Finland', 'Finland', '637932-916E', 'jdunguy1c@altervista.org', 'ppEfyV68', 'Junie', 'Dunguy', 'Moderator'),
(50, 10050, 'Finland', 'Finland', '315237-175K', 'jdelcastel1d@constantcontact.com', 'AaWytkowoWsU', 'June', 'Delcastel', 'Normal'),
(0, 0, 'Finland', 'Finland', '456878-1458', 'optician@mail.com', 'optician', 'First', 'Last', 'Normal'),
(51, 1, 'Finland', 'Finland', '454888-1458', 'jukka.salonen@mail.com', 'optician', 'Jukka', 'Salonen', 'Normal');

INSERT INTO opthalmologists (opthalmologist_id, bank_account_id, opthalmologist_country, name)VALUES
(20001, 1051, 'Sweden', 'KYS'),
(20002, 1052, 'Sweden', 'KOKS'),
(20003, 1053, 'Finland', 'KOKS'),
(20004, 1054, 'Sweden', 'TAYS'),
(20005, 1055, 'Sweden', 'KOKS'),
(20006, 1056, 'Sweden', 'TAYS'),
(20007, 1057, 'Sweden', 'KOKS'),
(20008, 1058, 'Sweden', 'KYS'),
(20009, 1059, 'Sweden', 'KYS'),
(20010, 1060, 'Sweden', 'KOKS'),
(20011, 1061, 'Finland', 'TAYS'),
(20012, 1062, 'Norway', 'KYS'),
(20013, 1063, 'Sweden', 'KYS'),
(20014, 1064, 'Sweden', 'KOKS'),
(20015, 1065, 'Finland', 'KOKS'),
(20016, 1066, 'Sweden', 'KYS'),
(20017, 1067, 'Finland', 'TAYS'),
(20018, 1068, 'Sweden', 'KYS'),
(20019, 1069, 'Finland', 'TAYS'),
(20020, 1070, 'Sweden', 'KYS'),
(20021, 1071, 'Sweden', 'KYS'),
(20022, 1072, 'Norway', 'KYS'),
(20023, 1073, 'Sweden', 'KYS'),
(20024, 1074, 'Sweden', 'TAYS'),
(20025, 1075, 'Norway', 'KYS'),
(20026, 1076, 'Sweden', 'KYS'),
(20027, 1077, 'Sweden', 'KYS'),
(20028, 1078, 'Sweden', 'KYS'),
(20029, 1079, 'Finland', 'TAYS'),
(20030, 1080, 'Finland', 'KYS'),
(20031, 1081, 'Sweden', 'TAYS'),
(20032, 1082, 'Finland', 'KOKS'),
(20033, 1083, 'Finland', 'KOKS'),
(20034, 1084, 'Sweden', 'KYS'),
(20035, 1085, 'Sweden', 'TAYS'),
(20036, 1086, 'Sweden', 'KOKS'),
(20037, 1087, 'Sweden', 'TAYS'),
(20038, 1088, 'Sweden', 'KOKS'),
(20039, 1089, 'Sweden', 'KOKS'),
(20040, 1090, 'Finland', 'KOKS'),
(20041, 1091, 'Sweden', 'TAYS'),
(20042, 1092, 'Sweden', 'TAYS'),
(20043, 1093, 'Sweden', 'KYS'),
(20044, 1094, 'Sweden', 'KYS'),
(20045, 1095, 'Sweden', 'KOKS'),
(20046, 1096, 'Sweden', 'KOKS'),
(20047, 1097, 'Sweden', 'KOKS'),
(20048, 1098, 'Sweden', 'KYS'),
(20049, 1099, 'Sweden', 'TAYS'),
(20050, 1100, 'Sweden', 'KYS'),
(0, 0, 'Finland', 'TAYS'),
(1, 0, 'Finland', 'HUS');

INSERT INTO opthalmologist_employees (employee_id, opthalmologist_id, opthalmologist_country, opthalmologist_employee_country, social_security_number, email, password, first_name, last_name, access_level) VALUES
(51, 20001, 'Sweden', 'Sweden', '438140-631J', 'mjandl0@fda.gov', 'ya6vQU3', 'Malinde', 'Jandl', 'Normal'),
(52, 20002, 'Sweden', 'Sweden', '265490-804F', 'nverchambre1@blog.com', '2zvNv4', 'Natty', 'Verchambre', 'Administrator'),
(53, 20003, 'Finland', 'Finland', '711534-851Z', 'larnoult2@over-blog.com', 'VTQZsq5lggj5', 'La verne', 'Arnoult', 'Administrator'),
(54, 20004, 'Sweden', 'Sweden', '174732-230H', 'cdufoure3@google.cn', 'SLHgph90', 'Cathrine', 'Dufoure', 'Administrator'),
(55, 20005, 'Sweden', 'Sweden', '874395-908H', 'tmcconnell4@vimeo.com', 'IOgJIcqr0HC5', 'Tore', 'McConnell', 'Administrator'),
(56, 20006, 'Sweden', 'Sweden', '239826-133L', 'mmasse5@skyrock.com', '9Zw61yPdGLy', 'Mickie', 'Masse', 'Normal'),
(57, 20007, 'Sweden', 'Sweden', '291335-115H', 'cburnsides6@unicef.org', '3zLQSJn', 'Care', 'Burnsides', 'Administrator'),
(58, 20008, 'Sweden', 'Sweden', '276303-557H', 'ztrout7@php.net', 'crwbT9HZJuFX', 'Zuzana', 'Trout', 'Moderator'),
(59, 20009, 'Sweden', 'Sweden', '914809-157A', 'lgreenrde8@google.de', 'RrfBhKXYuSJa', 'Langsdon', 'Greenrde', 'Moderator'),
(60, 20010, 'Sweden', 'Sweden', '625883-226R', 'kmaccurley9@free.fr', 'WtCqWMKTjpvK', 'Katuscha', 'MacCurley', 'Moderator'),
(61, 20011, 'Finland', 'Finland', '166824-394E', 'rstolza@canalblog.com', 'J5IbyIZo9', 'Rozalin', 'Stolz', 'Administrator'),
(62, 20012, 'Norway', 'Norway', '084239-592R', 'cnansomb@amazon.co.jp', 'oke0J5b2U', 'Candi', 'Nansom', 'Normal'),
(63, 20013, 'Sweden', 'Sweden', '879489-110H', 'aoreheadc@list-manage.com', 'Z55n1VQU8', 'Appolonia', 'Orehead', 'Administrator'),
(64, 20014, 'Sweden', 'Sweden', '267464-721W', 'zeathertond@fda.gov', 'UXIMMMA', 'Zabrina', 'Eatherton', 'Normal'),
(65, 20015, 'Finland', 'Finland', '565129-325V', 'fbrantzene@wsj.com', 'OCQMnTnrx', 'Fanchon', 'Brantzen', 'Moderator'),
(66, 20016, 'Sweden', 'Sweden', '542370-721Z', 'hcalcraftf@g.co', 'TIRqkezGLEJ', 'Harriette', 'Calcraft', 'Moderator'),
(67, 20017, 'Finland', 'Finland', '550445-976K', 'bwahnerg@intel.com', 'ArfGxpXZiQ', 'Britney', 'Wahner', 'Normal'),
(68, 20018, 'Sweden', 'Sweden', '643539-255B', 'gassinderh@time.com', 'B4lpsCEb', 'Gaultiero', 'Assinder', 'Normal'),
(69, 20019, 'Finland', 'Finland', '258953-785R', 'jlaskeyi@eepurl.com', 'FgURn76', 'Josiah', 'Laskey', 'Normal'),
(70, 20020, 'Sweden', 'Sweden', '975475-731L', 'bschuelckej@msu.edu', '9yGh46rur', 'Betsey', 'Schuelcke', 'Normal'),
(71, 20021, 'Sweden', 'Sweden', '547478-751Q', 'jdayk@virginia.edu', 'nDlqU70fH', 'Jillene', 'Day', 'Administrator'),
(72, 20022, 'Norway', 'Norway', '256985-780L', 'dcockburnl@ft.com', 'gwUUdu', 'Devlen', 'Cockburn', 'Normal'),
(73, 20023, 'Sweden', 'Sweden', '443718-479W', 'rdelamarm@e-recht24.de', 'Y5VuP8', 'Rickert', 'Delamar', 'Administrator'),
(74, 20024, 'Sweden', 'Sweden', '666612-847W', 'arundalln@altervista.org', 'PLaGlc2MM', 'Abagael', 'Rundall', 'Administrator'),
(75, 20025, 'Norway', 'Norway', '493244-262S', 'acrispo@naver.com', 'RqLDheU', 'Aristotle', 'Crisp', 'Normal'),
(76, 20026, 'Sweden', 'Sweden', '937266-432Q', 'pwipperp@edublogs.org', 'tJqEbiuLuRPD', 'Pascale', 'Wipper', 'Administrator'),
(77, 20027, 'Sweden', 'Sweden', '767375-185N', 'kboyleq@ezinearticles.com', 'pmQMNq4IgIiq', 'Kym', 'Boyle', 'Administrator'),
(78, 20028, 'Sweden', 'Sweden', '242012-716S', 'wdannr@chron.com', 'u26iDrd5NEhk', 'Wendye', 'Dann', 'Administrator'),
(79, 20029, 'Finland', 'Finland', '910372-952R', 'mstroulgers@springer.com', 'KklQXnn0HSo', 'Merridie', 'Stroulger', 'Moderator'),
(80, 20030, 'Finland', 'Finland', '252285-927S', 'pnottont@unicef.org', 'zVqV21ztZ', 'Padriac', 'Notton', 'Moderator'),
(81, 20031, 'Sweden', 'Sweden', '330821-129H', 'ojerromu@google.de', 'unmBTMY', 'Oliver', 'Jerrom', 'Normal'),
(82, 20032, 'Finland', 'Finland', '674534-479M', 'talexisv@latimes.com', 'LdWiRl', 'Tiffie', 'Alexis', 'Moderator'),
(83, 20033, 'Finland', 'Finland', '073220-579S', 'fpresswellw@sina.com.cn', 'j7G6Ff', 'Fabien', 'Presswell', 'Administrator'),
(84, 20034, 'Sweden', 'Sweden', '976126-022P', 'rmaysx@noaa.gov', 'Ht0wpYH', 'Rob', 'Mays', 'Normal'),
(85, 20035, 'Sweden', 'Sweden', '809023-708G', 'mcanteroy@studiopress.com', 'dXv3r9H', 'Margarita', 'Cantero', 'Administrator'),
(86, 20036, 'Sweden', 'Sweden', '241362-309X', 'probardetz@google.com.br', 'eV0mENCnI1', 'Pris', 'Robardet', 'Moderator'),
(87, 20037, 'Sweden', 'Sweden', '030798-999Z', 'mreedie10@sohu.com', 'gRGF3ZE', 'Mendel', 'Reedie', 'Moderator'),
(88, 20038, 'Sweden', 'Sweden', '357370-214I', 'vmourant11@disqus.com', '5GoO4GvgmK9', 'Virgie', 'Mourant', 'Moderator'),
(89, 20039, 'Sweden', 'Sweden', '183033-904E', 'crichardot12@miibeian.gov.cn', 'wruwmIpA1P', 'Cynde', 'Richardot', 'Moderator'),
(90, 20040, 'Finland', 'Finland', '666659-310Q', 'tjansey13@umich.edu', 'jeIn1LM', 'Teirtza', 'Jansey', 'Administrator'),
(91, 20041, 'Sweden', 'Sweden', '973608-560L', 'bairlie14@answers.com', 'p7qRrd28', 'Barr', 'Airlie', 'Administrator'),
(92, 20042, 'Sweden', 'Sweden', '181065-562X', 'tbeekmann15@timesonline.co.uk', '68BuRIR1eq7r', 'Tessi', 'Beekmann', 'Normal'),
(93, 20043, 'Sweden', 'Sweden', '564788-771F', 'pmargett16@google.com.au', 'TtMgsWSPeka1', 'Phyllys', 'Margett', 'Normal'),
(94, 20044, 'Sweden', 'Sweden', '390054-980X', 'msilby17@freewebs.com', '93MmTM0dmK', 'Maria', 'Silby', 'Moderator'),
(95, 20045, 'Sweden', 'Sweden', '043703-589Z', 'dhuggan18@army.mil', 'Pr8RgXq8a', 'Delly', 'Huggan', 'Administrator'),
(96, 20046, 'Sweden', 'Sweden', '970292-321X', 'kreichhardt19@chron.com', 'Wl1nyry8', 'Katrina', 'Reichhardt', 'Normal'),
(97, 20047, 'Sweden', 'Sweden', '531876-496O', 'lgahan1a@cbc.ca', 'PdnX21Ak', 'Lyndy', 'Gahan', 'Administrator'),
(98, 20048, 'Sweden', 'Sweden', '775082-566K', 'nmcgahern1b@1und1.de', 'OGGePJwT', 'Neilla', 'McGahern', 'Administrator'),
(99, 20049, 'Sweden', 'Sweden', '547895-832U', 'lmckerrow1c@multiply.com', 'Atc8trX', 'Larina', 'McKerrow', 'Normal'),
(100, 20050, 'Sweden', 'Sweden', '186572-805S', 'dsein1d@addthis.com', 'NUp223vW0vm4', 'Dinny', 'Sein', 'Administrator'),
(0, 0, 'Finland', 'Finland', '456878-1458', 'opthalmologist@mail.com', 'opthalmologist', 'First', 'Last', 'Normal'),
(1, 1, 'Finland', 'Finland', '448878-1458', 'heli.virtanen@mail.com', 'opthalmologist', 'Heli', 'Virtanen', 'Normal');

INSERT INTO customers (customer_id, customer_country, social_security_number, email, first_name, last_name)VALUES
(30001, 'Finland', '160955-825Z', 'gmarkovic0@vimeo.com', 'Gabriell', 'Markovic'),
(30002, 'Sweden', '859093-175V', 'dsandford1@wisc.edu', 'Deanna', 'Sandford'),
(30003, 'Sweden', '793180-580X', 'mteaser2@house.gov', 'Melissa', 'Teaser'),
(30004, 'Sweden', '517221-905Q', 'fmatevosian3@wired.com', 'Felipa', 'Matevosian'),
(30005, 'Finland', '244775-629B', 'jertelt4@sfgate.com', 'Josy', 'Ertelt'),
(30006, 'Sweden', '579626-702Z', 'mranner5@ucsd.edu', 'Marianne', 'Ranner'),
(30007, 'Finland', '616578-035E', 'rriolfo6@imgur.com', 'Renell', 'Riolfo'),
(30008, 'Sweden', '210456-524Z', 'ocolvie7@bloglines.com', 'Owen', 'Colvie'),
(30009, 'Sweden', '144441-817L', 'pbearham8@unicef.org', 'Pancho', 'Bearham'),
(30010, 'Sweden', '672761-824S', 'dvosse9@yahoo.co.jp', 'Denver', 'Vosse'),
(30011, 'Sweden', '581720-524G', 'rpittama@samsung.com', 'Ruthie', 'Pittam'),
(30012, 'Sweden', '635677-385O', 'mmcculleyb@sciencedirect.com', 'Mirna', 'McCulley'),
(30013, 'Sweden', '863119-135K', 'mbottlestonec@dion.ne.jp', 'Melisenda', 'Bottlestone'),
(30014, 'Sweden', '459248-822L', 'eackersd@ustream.tv', 'Eugenio', 'Ackers'),
(30015, 'Sweden', '224905-000P', 'gseedse@squarespace.com', 'Genevieve', 'Seeds'),
(30016, 'Norway', '186373-179T', 'sfoskenf@ca.gov', 'Samaria', 'Fosken'),
(30017, 'Sweden', '909430-628A', 'egrigorking@oakley.com', 'Efrem', 'Grigorkin'),
(30018, 'Sweden', '263197-156P', 'cdoghartieh@unesco.org', 'Clemens', 'Doghartie'),
(30019, 'Sweden', '650807-062Y', 'nwiersmai@opensource.org', 'Neall', 'Wiersma'),
(30020, 'Sweden', '201453-017A', 'dhurchej@latimes.com', 'Desdemona', 'Hurche'),
(30021, 'Sweden', '847561-912O', 'nfullylovek@nbcnews.com', 'Noella', 'Fullylove'),
(30022, 'Finland', '663621-324Z', 'echellingworthl@youtu.be', 'Edmund', 'Chellingworth'),
(30023, 'Norway', '271680-268I', 'mnutbeemm@cnbc.com', 'Marys', 'Nutbeem'),
(30024, 'Sweden', '402326-705I', 'amudlen@nytimes.com', 'Alfonso', 'Mudle'),
(30025, 'Sweden', '033693-884K', 'fsicho@discovery.com', 'Fanni', 'Sich'),
(30026, 'Sweden', '091115-871R', 'rleverp@slideshare.net', 'Roxy', 'Lever'),
(30027, 'Sweden', '109981-591M', 'fmckinnq@drupal.org', 'Freddie', 'McKinn'),
(30028, 'Finland', '755568-153Z', 'pmatuskar@wikispaces.com', 'Patsy', 'Matuska'),
(30029, 'Sweden', '187547-932W', 'gdelagness@storify.com', 'Gerhardt', 'Delagnes'),
(30030, 'Sweden', '710286-276Q', 'scosslettt@smugmug.com', 'Shaylynn', 'Cosslett'),
(30031, 'Sweden', '199675-541O', 'rgormleyu@nhs.uk', 'Rudiger', 'Gormley'),
(30032, 'Finland', '038713-918T', 'barnev@bloglines.com', 'Brigit', 'Arne'),
(30033, 'Sweden', '311969-454E', 'mkightlyw@fema.gov', 'Marlene', 'Kightly'),
(30034, 'Sweden', '637635-838H', 'oyakubovicsx@microsoft.com', 'Olivette', 'Yakubovics'),
(30035, 'Sweden', '155449-993H', 'cjosiahy@behance.net', 'Carolynn', 'Josiah'),
(30036, 'Sweden', '157369-331Z', 'omechanz@unblog.fr', 'Oswald', 'Mechan'),
(30037, 'Finland', '975284-430V', 'jbendig10@oakley.com', 'Jens', 'Bendig'),
(30038, 'Finland', '421497-801E', 'emurcutt11@whitehouse.gov', 'Elvera', 'Murcutt'),
(30039, 'Sweden', '480164-999S', 'bwalls12@adobe.com', 'Ban', 'Walls'),
(30040, 'Sweden', '401654-805T', 'aeaddy13@ebay.com', 'Arlinda', 'Eaddy'),
(30041, 'Sweden', '289736-831Z', 'lnortcliffe14@ftc.gov', 'Lida', 'Nortcliffe'),
(30042, 'Sweden', '346233-113Z', 'vpeasegod15@dagondesign.com', 'Valerye', 'Peasegod'),
(30043, 'Norway', '183941-581W', 'cinold16@domainmarket.com', 'Ciel', 'Inold'),
(30044, 'Sweden', '623596-318Y', 'tdalwood17@joomla.org', 'Trista', 'Dalwood'),
(30045, 'Sweden', '451649-614X', 'jalaway18@msu.edu', 'Justis', 'Alaway'),
(30046, 'Finland', '558424-027R', 'msaban19@desdev.cn', 'Margit', 'Saban'),
(30047, 'Sweden', '611590-587N', 'mmacquarrie1a@google.co.jp', 'Mariana', 'MacQuarrie'),
(30048, 'Sweden', '930069-904J', 'hgooderham1b@de.vu', 'Hana', 'Gooderham'),
(30049, 'Sweden', '787242-214I', 'kofer1c@wikia.com', 'Kippy', 'Ofer'),
(30050, 'Sweden', '450460-609M', 'dcrighton1d@macromedia.com', 'Deanne', 'Crighton'),
(30051, 'Finland', '008054-688B', 'cflintoffe1e@technorati.com', 'Cristal', 'Flintoffe'),
(30052, 'Norway', '357378-911Y', 'ggrodden1f@yahoo.com', 'Gratia', 'Grodden'),
(30053, 'Finland', '145858-855G', 'hscrowton1g@umich.edu', 'Heinrik', 'Scrowton'),
(30054, 'Sweden', '211192-379D', 'nryle1h@amazon.de', 'Nariko', 'Ryle'),
(30055, 'Sweden', '299042-841C', 'mbanting1i@artisteer.com', 'Margeaux', 'Banting'),
(30056, 'Sweden', '342344-214J', 'mgoodbairn1j@hubpages.com', 'Marieann', 'Goodbairn'),
(30057, 'Sweden', '036869-341X', 'coldis1k@github.com', 'Cort', 'Oldis'),
(30058, 'Sweden', '694718-318F', 'xblum1l@addthis.com', 'Xever', 'Blum'),
(30059, 'Sweden', '547459-748L', 'wdelcastello1m@guardian.co.uk', 'Wynn', 'Del Castello'),
(30060, 'Sweden', '149779-145I', 'cgoodliffe1n@ft.com', 'Corri', 'Goodliffe'),
(30061, 'Sweden', '866542-510F', 'ryusupov1o@amazon.de', 'Redd', 'Yusupov'),
(30062, 'Sweden', '757446-846W', 'uchristofor1p@etsy.com', 'Ulick', 'Christofor'),
(30063, 'Sweden', '579577-085C', 'jmould1q@csmonitor.com', 'Judd', 'Mould'),
(30064, 'Sweden', '294308-456Y', 'khuish1r@google.fr', 'Kleon', 'Huish'),
(30065, 'Sweden', '277725-950O', 'hheeron1s@japanpost.jp', 'Hamel', 'Heeron'),
(30066, 'Sweden', '295651-627J', 'mjeaycock1t@spiegel.de', 'Morgan', 'Jeaycock'),
(30067, 'Sweden', '462934-468G', 'dbratcher1u@simplemachines.org', 'Dedra', 'Bratcher'),
(30068, 'Sweden', '780780-175Q', 'lskelly1v@earthlink.net', 'Lauraine', 'Skelly'),
(30069, 'Sweden', '090981-360A', 'lfry1w@miitbeian.gov.cn', 'Lennie', 'Fry'),
(30070, 'Sweden', '059057-825L', 'bmoughtin1x@exblog.jp', 'Barbabra', 'Moughtin'),
(30071, 'Sweden', '443581-355P', 'kedmondson1y@miitbeian.gov.cn', 'Kore', 'Edmondson'),
(30072, 'Sweden', '836118-586R', 'mtissier1z@tuttocitta.it', 'Maurise', 'Tissier'),
(30073, 'Sweden', '682746-906U', 'feverton20@alexa.com', 'Fidelia', 'Everton'),
(30074, 'Finland', '547736-973S', 'anattriss21@gizmodo.com', 'Analiese', 'Nattriss'),
(30075, 'Finland', '435914-088I', 'bmardlin22@rambler.ru', 'Brandice', 'Mardlin'),
(30076, 'Sweden', '211763-907K', 'kmicheli23@deviantart.com', 'Kizzee', 'Micheli'),
(30077, 'Sweden', '006162-458K', 'cruck24@netvibes.com', 'Cayla', 'Ruck'),
(30078, 'Finland', '669779-621C', 'aneames25@globo.com', 'Abba', 'Neames'),
(30079, 'Norway', '539701-091O', 'khollidge26@xinhuanet.com', 'Kristofor', 'Hollidge'),
(30080, 'Sweden', '555503-084V', 'gshowl27@msu.edu', 'Gard', 'Showl'),
(30081, 'Sweden', '991803-132H', 'pcharlewood28@dailymotion.com', 'Perry', 'Charlewood'),
(30082, 'Sweden', '781647-629Z', 'dbernollet29@icq.com', 'Deb', 'Bernollet'),
(30083, 'Sweden', '960719-147U', 'shalloran2a@fema.gov', 'Shandeigh', 'Halloran'),
(30084, 'Sweden', '545370-989I', 'mblaza2b@ca.gov', 'Mirabella', 'Blaza'),
(30085, 'Sweden', '257789-053V', 'babelson2c@cbsnews.com', 'Brucie', 'Abelson'),
(30086, 'Sweden', '076330-049P', 'lantrobus2d@bravesites.com', 'Lynnea', 'Antrobus'),
(30087, 'Sweden', '597690-589J', 'csimmers2e@issuu.com', 'Cal', 'Simmers'),
(30088, 'Sweden', '552364-991V', 'aoronan2f@hostgator.com', 'Abraham', 'O Ronan'),
(30089, 'Sweden', '257410-664B', 'tgabbetis2g@typepad.com', 'Terence', 'Gabbetis'),
(30090, 'Sweden', '261559-758I', 'awilkennson2h@google.ca', 'Armstrong', 'Wilkennson'),
(30091, 'Finland', '950223-506D', 'ccoulter2i@pbs.org', 'Cece', 'Coulter'),
(30092, 'Sweden', '867772-082D', 'pdartan2j@quantcast.com', 'Padget', 'Dartan'),
(30093, 'Sweden', '509952-706I', 'mcurror2k@amazonaws.com', 'Madlin', 'Curror'),
(30094, 'Sweden', '633387-535Q', 'fmcalpin2l@telegraph.co.uk', 'Farlay', 'McAlpin'),
(30095, 'Finland', '363175-381J', 'gmasi2m@abc.net.au', 'Gery', 'Masi'),
(30096, 'Sweden', '251074-100B', 'efriedenbach2n@amazon.com', 'Ethelind', 'Friedenbach'),
(30097, 'Finland', '209222-685E', 'mpetruk2o@tiny.cc', 'Maurits', 'Petruk'),
(30098, 'Sweden', '738932-855G', 'fniesing2p@usda.gov', 'Ferdy', 'Niesing'),
(30099, 'Sweden', '698363-593O', 'eradenhurst2q@blogtalkradio.com', 'Erv', 'Radenhurst'),
(30100, 'Sweden', '327714-455I', 'rlote2r@friendfeed.com', 'Radcliffe', 'Lote'),
(30101, 'Norway', '323033-799F', 'bvlasov2s@cisco.com', 'Beryl', 'Vlasov'),
(30102, 'Sweden', '453155-459J', 'bcustard2t@redcross.org', 'Burnaby', 'Custard'),
(30103, 'Finland', '986784-912U', 'aramsden2u@craigslist.org', 'Antonio', 'Ramsden'),
(30104, 'Sweden', '632662-308A', 'dellingsworth2v@auda.org.au', 'Dare', 'Ellingsworth'),
(30105, 'Sweden', '954122-380E', 'tbinnion2w@google.co.uk', 'Torre', 'Binnion'),
(30106, 'Sweden', '067129-863B', 'mwincer2x@exblog.jp', 'Melvyn', 'Wincer'),
(30107, 'Sweden', '330627-760X', 'dcullingworth2y@youtube.com', 'Denise', 'Cullingworth'),
(30108, 'Sweden', '539155-391I', 'bhunsworth2z@engadget.com', 'Birgit', 'Hunsworth'),
(30109, 'Sweden', '260261-589G', 'ewolfenden30@behance.net', 'Ermina', 'Wolfenden'),
(30110, 'Sweden', '858187-220N', 'rantonov31@pbs.org', 'Ricki', 'Antonov'),
(30111, 'Sweden', '610125-467D', 'ksteel32@deliciousdays.com', 'Kelby', 'Steel'),
(30112, 'Sweden', '740852-950J', 'lbalsom33@amazon.co.jp', 'Lindsey', 'Balsom'),
(30113, 'Finland', '285162-915J', 'lfrostick34@amazon.de', 'Lanny', 'Frostick'),
(30114, 'Sweden', '739329-758C', 'jfurmage35@meetup.com', 'Jeramie', 'Furmage'),
(30115, 'Sweden', '096120-955U', 'trudge36@exblog.jp', 'Torrey', 'Rudge'),
(30116, 'Norway', '561527-222C', 'aastill37@fastcompany.com', 'Arlie', 'Astill'),
(30117, 'Sweden', '315603-131G', 'mmushawe38@epa.gov', 'Melitta', 'Mushawe'),
(30118, 'Sweden', '874010-748U', 'gkinforth39@cisco.com', 'Geoffrey', 'Kinforth'),
(30119, 'Sweden', '348647-565S', 'pkoles3a@google.co.jp', 'Pasquale', 'Koles'),
(30120, 'Sweden', '413769-163S', 'plincke3b@mashable.com', 'Pamella', 'Lincke'),
(30121, 'Sweden', '020815-476M', 'gborland3c@usgs.gov', 'Gerick', 'Borland'),
(30122, 'Norway', '868685-724S', 'tsenter3d@hostgator.com', 'Tresa', 'Senter'),
(30123, 'Sweden', '582471-681J', 'rbarwack3e@sitemeter.com', 'Redford', 'Barwack'),
(30124, 'Sweden', '896430-559V', 'emanchester3f@omniture.com', 'Elka', 'Manchester'),
(30125, 'Sweden', '254707-792W', 'sspiring3g@omniture.com', 'Scotti', 'Spiring'),
(30126, 'Sweden', '531054-490Z', 'etampling3h@xing.com', 'Elwood', 'Tampling'),
(30127, 'Sweden', '162720-899Z', 'adenisyev3i@sbwire.com', 'Alfy', 'Denisyev'),
(30128, 'Sweden', '638544-798F', 'idoram3j@mashable.com', 'Ingrim', 'Doram'),
(30129, 'Sweden', '247080-044Z', 'tpresley3k@ucoz.com', 'Thayne', 'Presley'),
(30130, 'Sweden', '934277-882Y', 'tivie3l@techcrunch.com', 'Taylor', 'Ivie'),
(30131, 'Finland', '307991-164P', 'wdrinkel3m@yale.edu', 'Willi', 'Drinkel'),
(30132, 'Sweden', '709447-804S', 'lspurr3n@hatena.ne.jp', 'Lotte', 'Spurr'),
(30133, 'Sweden', '372809-010S', 'jfedynski3o@tinyurl.com', 'Jeramey', 'Fedynski'),
(30134, 'Sweden', '955599-851X', 'arosier3p@rediff.com', 'Ara', 'Rosier'),
(30135, 'Sweden', '020871-771Y', 'kcollihole3q@bbb.org', 'Katina', 'Collihole'),
(30136, 'Sweden', '313212-915U', 'croyson3r@answers.com', 'Cody', 'Royson'),
(30137, 'Sweden', '826667-696N', 'myakovitch3s@indiegogo.com', 'Mirilla', 'Yakovitch'),
(30138, 'Norway', '858023-052E', 'kgianilli3t@1688.com', 'Kellyann', 'Gianilli'),
(30139, 'Sweden', '027048-150Q', 'hpetrulis3u@washington.edu', 'Herold', 'Petrulis'),
(30140, 'Norway', '781260-702B', 'backwood3v@rambler.ru', 'Birch', 'Ackwood'),
(30141, 'Sweden', '673799-958E', 'koliveto3w@pbs.org', 'Kamila', 'Oliveto'),
(30142, 'Sweden', '680706-717O', 'bthow3x@bandcamp.com', 'Blayne', 'Thow'),
(30143, 'Finland', '408766-308J', 'odealy3y@google.com.au', 'Olvan', 'Dealy'),
(30144, 'Sweden', '873573-046Q', 'kpilkington3z@shareasale.com', 'Katine', 'Pilkington'),
(30145, 'Sweden', '933153-676J', 'mrivel40@rambler.ru', 'Marie', 'Rivel'),
(30146, 'Sweden', '678254-899M', 'dlay41@scientificamerican.com', 'Dougie', 'Lay'),
(30147, 'Finland', '784683-792D', 'twoonton42@themeforest.net', 'Tremayne', 'Woonton'),
(30148, 'Finland', '518635-071V', 'aburdett43@prnewswire.com', 'Abbey', 'Burdett'),
(30149, 'Sweden', '748142-910X', 'minstone44@blogger.com', 'Marie-ann', 'Instone'),
(30150, 'Sweden', '575235-408V', 'rkibby45@cbc.ca', 'Rosalynd', 'Kibby'),
(30151, 'Sweden', '825227-041I', 'kboyen46@usda.gov', 'Klara', 'Boyen'),
(30152, 'Sweden', '799488-441A', 'dlouw47@photobucket.com', 'Doreen', 'Louw'),
(30153, 'Sweden', '836594-526D', 'pangrove48@fastcompany.com', 'Pegeen', 'Angrove'),
(30154, 'Sweden', '608390-462M', 'bvinnick49@miitbeian.gov.cn', 'Bernie', 'Vinnick'),
(30155, 'Finland', '367621-472W', 'ddreschler4a@miibeian.gov.cn', 'Diann', 'Dreschler'),
(30156, 'Finland', '343655-976R', 'omcwaters4b@vkontakte.ru', 'Opaline', 'McWaters'),
(30157, 'Norway', '885527-540B', 'egelly4c@bbc.co.uk', 'Earle', 'Gelly'),
(30158, 'Sweden', '669191-271M', 'gheight4d@skype.com', 'Gillian', 'Height'),
(30159, 'Sweden', '147866-551S', 'ygleadle4e@stumbleupon.com', 'Yasmin', 'Gleadle'),
(30160, 'Sweden', '382605-919F', 'dtrimme4f@arstechnica.com', 'Douglass', 'Trimme'),
(30161, 'Sweden', '838908-138B', 'hlandrick4g@stanford.edu', 'Hermione', 'Landrick'),
(30162, 'Sweden', '786288-323Z', 'hrowlett4h@mlb.com', 'Howie', 'Rowlett'),
(30163, 'Sweden', '394372-923I', 'obollom4i@reuters.com', 'Odele', 'Bollom'),
(30164, 'Sweden', '310402-727F', 'kjosefsen4j@ask.com', 'Katy', 'Josefsen'),
(30165, 'Finland', '950963-088D', 'kmctrustrie4k@elpais.com', 'Kalie', 'McTrustrie'),
(30166, 'Sweden', '601945-131Z', 'lfowle4l@state.gov', 'Lorri', 'Fowle'),
(30167, 'Sweden', '726226-662T', 'averson4m@census.gov', 'Adi', 'Verson'),
(30168, 'Sweden', '690966-061H', 'sfarlambe4n@unblog.fr', 'Silvanus', 'Farlambe'),
(30169, 'Norway', '028490-876N', 'cstallard4o@cafepress.com', 'Colman', 'Stallard'),
(30170, 'Sweden', '220018-308F', 'pbrettell4p@aol.com', 'Phillie', 'Brettell'),
(30171, 'Sweden', '795419-691Z', 'barmstrong4q@webs.com', 'Bartolomeo', 'Armstrong'),
(30172, 'Sweden', '183652-123G', 'pchampney4r@slideshare.net', 'Parsifal', 'Champney'),
(30173, 'Sweden', '539283-106A', 'mgladdis4s@ocn.ne.jp', 'Maddy', 'Gladdis'),
(30174, 'Sweden', '392296-500B', 'gbunhill4t@wisc.edu', 'Goldi', 'Bunhill'),
(30175, 'Finland', '998918-900D', 'aweeks4u@yolasite.com', 'Abbie', 'Weeks'),
(30176, 'Sweden', '314046-974R', 'jsudlow4v@dagondesign.com', 'Jacquelynn', 'Sudlow'),
(30177, 'Norway', '333951-465F', 'nacklands4w@gnu.org', 'Niko', 'Acklands'),
(30178, 'Sweden', '824223-068E', 'lthewlis4x@mozilla.org', 'Lura', 'Thewlis'),
(30179, 'Sweden', '198421-039N', 'bdorward4y@opera.com', 'Bran', 'Dorward'),
(30180, 'Sweden', '716754-037T', 'lhumbell4z@auda.org.au', 'Lizette', 'Humbell'),
(30181, 'Finland', '662437-870F', 'bkellogg50@hostgator.com', 'Bail', 'Kellogg'),
(30182, 'Finland', '380954-596E', 'vkofax51@mashable.com', 'Vinnie', 'Kofax'),
(30183, 'Sweden', '897562-492V', 'hwolfinger52@tinypic.com', 'Homerus', 'Wolfinger'),
(30184, 'Finland', '600421-873B', 'acarrier53@arstechnica.com', 'Aeriela', 'Carrier'),
(30185, 'Sweden', '950502-465Q', 'blingner54@twitter.com', 'Bram', 'Lingner'),
(30186, 'Sweden', '713692-356N', 'rdoorly55@marriott.com', 'Ruprecht', 'Doorly'),
(30187, 'Sweden', '101162-519P', 'tkidson56@vkontakte.ru', 'Thaine', 'Kidson'),
(30188, 'Sweden', '109107-925B', 'greace57@ow.ly', 'Gran', 'Reace'),
(30189, 'Sweden', '667646-951L', 'carnecke58@chron.com', 'Cynthia', 'Arnecke'),
(30190, 'Sweden', '740445-638E', 'tkeling59@hubpages.com', 'Tawnya', 'Keling'),
(30191, 'Finland', '148497-507J', 'rhallatt5a@wikispaces.com', 'Rowney', 'Hallatt'),
(30192, 'Sweden', '778895-091S', 'acurro5b@github.io', 'Andriana', 'Curro'),
(30193, 'Sweden', '925272-120E', 'vtythe5c@ucla.edu', 'Victoria', 'Tythe'),
(30194, 'Sweden', '405663-285Q', 'ehingeley5d@va.gov', 'Elisha', 'Hingeley'),
(30195, 'Finland', '999805-166L', 'kjuschka5e@angelfire.com', 'Ken', 'Juschka'),
(30196, 'Norway', '145469-408T', 'pbrekonridge5f@topsy.com', 'Patrizio', 'Brekonridge'),
(30197, 'Norway', '305694-920Y', 'bfaier5g@shutterfly.com', 'Barri', 'Faier'),
(30198, 'Sweden', '621864-485I', 'mvallender5h@yellowbook.com', 'Meagan', 'Vallender'),
(30199, 'Norway', '750312-265S', 'msearston5i@yolasite.com', 'Melba', 'Searston'),
(30200, 'Finland', '232056-682C', 'wfeedham5j@buzzfeed.com', 'Wally', 'Feedham'),
(30201, 'Sweden', '812129-791J', 'amcdonnell5k@example.com', 'Alvina', 'McDonnell'),
(30202, 'Sweden', '387536-404N', 'adivill5l@nasa.gov', 'Addi', 'Divill'),
(30203, 'Sweden', '299459-538T', 'bbrazil5m@simplemachines.org', 'Bron', 'Brazil'),
(30204, 'Sweden', '945126-120R', 'mwoller5n@fc2.com', 'Morly', 'Woller'),
(30205, 'Finland', '085878-445A', 'mlamyman5o@google.com.au', 'Mireille', 'Lamyman'),
(30206, 'Norway', '769276-171B', 'fberryman5p@ft.com', 'Freeman', 'Berryman'),
(30207, 'Norway', '895212-441Q', 'eschroter5q@stumbleupon.com', 'Erika', 'Schroter'),
(30208, 'Sweden', '517817-778U', 'jcordeiro5r@google.co.uk', 'Jon', 'Cordeiro'),
(30209, 'Sweden', '048708-099Y', 'gtutill5s@hexun.com', 'Gaelan', 'Tutill'),
(30210, 'Sweden', '615157-855U', 'bbowgen5t@toplist.cz', 'Brear', 'Bowgen'),
(30211, 'Sweden', '965480-526P', 'rpomfrey5u@huffingtonpost.com', 'Rafi', 'Pomfrey'),
(30212, 'Sweden', '015108-775W', 'sguilloneau5v@hhs.gov', 'Shirlene', 'Guilloneau'),
(30213, 'Sweden', '251711-556M', 'rgrigoletti5w@sbwire.com', 'Renelle', 'Grigoletti'),
(30214, 'Norway', '952013-440P', 'cmacrae5x@acquirethisname.com', 'Cece', 'Macrae'),
(30215, 'Sweden', '079883-472T', 'imcvane5y@hexun.com', 'Iorgos', 'McVane'),
(30216, 'Norway', '540521-718Z', 'icoathup5z@telegraph.co.uk', 'Isiahi', 'Coathup'),
(30217, 'Sweden', '347698-887Z', 'srobel60@census.gov', 'Sheba', 'Robel'),
(30218, 'Sweden', '061677-542N', 'dstirton61@usgs.gov', 'Donavon', 'Stirton'),
(30219, 'Sweden', '656284-176G', 'poffer62@addtoany.com', 'Pearl', 'Offer'),
(30220, 'Sweden', '640009-897L', 'fbrasseur63@unblog.fr', 'Frans', 'Brasseur'),
(30221, 'Sweden', '202367-814B', 'dbeardsworth64@ucsd.edu', 'Donica', 'Beardsworth'),
(30222, 'Norway', '734261-987W', 'rwinspare65@newsvine.com', 'Reg', 'Winspare'),
(30223, 'Sweden', '211703-902W', 'hrothwell66@tmall.com', 'Hildagarde', 'Rothwell'),
(30224, 'Finland', '607302-422T', 'eedsell67@gmpg.org', 'Emory', 'Edsell'),
(30225, 'Sweden', '838992-263E', 'gdeporte68@dyndns.org', 'Gayleen', 'Deporte'),
(30226, 'Sweden', '606048-813E', 'abangham69@macromedia.com', 'Ariella', 'Bangham'),
(30227, 'Finland', '096573-714A', 'rbatrip6a@t.co', 'Rosalia', 'Batrip'),
(30228, 'Norway', '573080-747U', 'ccabotto6b@theglobeandmail.com', 'Calley', 'Cabotto'),
(30229, 'Sweden', '229103-590W', 'bgrieve6c@so-net.ne.jp', 'Billi', 'Grieve'),
(30230, 'Sweden', '182169-588L', 'hmcgroarty6d@adobe.com', 'Haley', 'McGroarty'),
(30231, 'Norway', '232691-469Q', 'gmandrake6e@dell.com', 'Gelya', 'Mandrake'),
(30232, 'Finland', '302623-193Y', 'oloddon6f@so-net.ne.jp', 'Orrin', 'Loddon'),
(30233, 'Finland', '386911-526J', 'tstockow6g@earthlink.net', 'Tabitha', 'Stockow'),
(30234, 'Norway', '979994-226Z', 'bhaquin6h@dailymotion.com', 'Bertha', 'Haquin'),
(30235, 'Sweden', '613624-879I', 'fbatters6i@craigslist.org', 'Faythe', 'Batters'),
(30236, 'Sweden', '309770-904U', 'gvint6j@a8.net', 'Giovanni', 'Vint'),
(30237, 'Sweden', '307444-787N', 'hpatriche6k@goo.ne.jp', 'Hilario', 'Patriche'),
(30238, 'Sweden', '373761-136V', 'zcrimpe6l@51.la', 'Zoe', 'Crimpe'),
(30239, 'Finland', '983271-486J', 'rdemschke6m@redcross.org', 'Ramona', 'Demschke'),
(30240, 'Sweden', '550111-278A', 'chavock6n@ameblo.jp', 'Christiana', 'Havock'),
(30241, 'Norway', '327601-796B', 'fpenswick6o@geocities.com', 'Fletch', 'Penswick'),
(30242, 'Sweden', '879767-746I', 'jwestnage6p@histats.com', 'Jerrilyn', 'Westnage'),
(30243, 'Sweden', '441741-208G', 'lomurtagh6q@privacy.gov.au', 'Lothaire', 'OMurtagh'),
(30244, 'Finland', '936366-709K', 'ahorlock6r@jimdo.com', 'Alisun', 'Horlock'),
(30245, 'Sweden', '240665-448X', 'ksendley6s@amazon.co.jp', 'Kenn', 'Sendley'),
(30246, 'Finland', '191186-325L', 'jtomek6t@geocities.com', 'Jill', 'Tomek'),
(30247, 'Sweden', '702018-633X', 'qgeddis6u@uol.com.br', 'Quinlan', 'Geddis'),
(30248, 'Sweden', '236215-935W', 'rwindrum6v@ezinearticles.com', 'Rosy', 'Windrum'),
(30249, 'Sweden', '175202-102L', 'imerfin6w@ucoz.com', 'Ignazio', 'Merfin'),
(30250, 'Sweden', '911215-584E', 'vvardie6x@artisteer.com', 'Violette', 'Vardie'),
(30251, 'Sweden', '305726-820A', 'apruckner6y@taobao.com', 'Arvy', 'Pruckner'),
(30252, 'Sweden', '855697-393F', 'tlumsdaine6z@simplemachines.org', 'Tatum', 'Lumsdaine'),
(30253, 'Sweden', '793216-878Z', 'jfannin70@51.la', 'Jerad', 'Fannin'),
(30254, 'Finland', '143184-744C', 'cpennyman71@odnoklassniki.ru', 'Cristie', 'Pennyman'),
(30255, 'Sweden', '798590-089V', 'vdunne72@bbb.org', 'Viole', 'Dunne'),
(30256, 'Norway', '313218-412F', 'njozef73@hao123.com', 'Nigel', 'Jozef'),
(30257, 'Sweden', '796296-082M', 'jmacieiczyk74@istockphoto.com', 'Jacky', 'Macieiczyk'),
(30258, 'Sweden', '252652-090P', 'ganderton75@archive.org', 'Gan', 'Anderton'),
(30259, 'Norway', '335464-602P', 'scoleyshaw76@vinaora.com', 'Stu', 'Coleyshaw'),
(30260, 'Sweden', '395004-469S', 'dteaz77@cbsnews.com', 'Dominica', 'Teaz'),
(30261, 'Sweden', '635669-844W', 'bpetris78@howstuffworks.com', 'Bettine', 'Petris'),
(30262, 'Sweden', '675839-009C', 'spowles79@so-net.ne.jp', 'Stepha', 'Powles'),
(30263, 'Sweden', '527773-358P', 'plashmar7a@netvibes.com', 'Pauly', 'Lashmar'),
(30264, 'Sweden', '515663-024C', 'mtollerfield7b@ow.ly', 'Meredith', 'Tollerfield'),
(30265, 'Sweden', '462090-693U', 'alebarre7c@ox.ac.uk', 'Aridatha', 'Le Barre'),
(30266, 'Norway', '614563-494F', 'ahubbart7d@dagondesign.com', 'Anastasie', 'Hubbart'),
(30267, 'Sweden', '489988-531O', 'bgooddy7e@dedecms.com', 'Blondelle', 'Gooddy'),
(30268, 'Finland', '388271-646Z', 'bcotte7f@msn.com', 'Bastien', 'Cotte'),
(30269, 'Sweden', '574274-802L', 'pcastagnaro7g@privacy.gov.au', 'Peyter', 'Castagnaro'),
(30270, 'Sweden', '400374-198W', 'bsiggens7h@wikispaces.com', 'Britte', 'Siggens'),
(30271, 'Sweden', '799168-474K', 'gbattyll7i@utexas.edu', 'Gualterio', 'Battyll'),
(30272, 'Sweden', '994121-077W', 'nisaacson7j@washingtonpost.com', 'Nona', 'Isaacson'),
(30273, 'Sweden', '825615-556L', 'dpirri7k@smh.com.au', 'Durand', 'Pirri'),
(30274, 'Sweden', '496218-345C', 'akeoghan7l@mediafire.com', 'Aryn', 'Keoghan'),
(30275, 'Sweden', '108135-310C', 'fdyne7m@spotify.com', 'Feodor', 'Dyne'),
(30276, 'Norway', '318065-693F', 'bmeakin7n@washington.edu', 'Bent', 'Meakin'),
(30277, 'Finland', '447928-199N', 'amixon7o@oakley.com', 'Aubert', 'Mixon'),
(30278, 'Sweden', '725857-636R', 'ebascomb7p@plala.or.jp', 'Ewen', 'Bascomb'),
(30279, 'Finland', '962576-068L', 'frentz7q@mysql.com', 'Francine', 'Rentz'),
(30280, 'Sweden', '510062-333A', 'fklinck7r@quantcast.com', 'Fifine', 'Klinck'),
(30281, 'Norway', '123145-809A', 'rerett7s@fc2.com', 'Richard', 'Erett'),
(30282, 'Norway', '113433-932U', 'gbilson7t@google.com.hk', 'Gardie', 'Bilson'),
(30283, 'Sweden', '849518-933C', 'bhavercroft7u@cnet.com', 'Brittan', 'Havercroft'),
(30284, 'Sweden', '862682-872W', 'mduffet7v@nsw.gov.au', 'Monty', 'Duffet'),
(30285, 'Sweden', '709034-394D', 'bnuss7w@cbslocal.com', 'Brett', 'Nuss'),
(30286, 'Sweden', '301359-310S', 'lavey7x@feedburner.com', 'Lockwood', 'Avey'),
(30287, 'Sweden', '319164-180Z', 'froeby7y@is.gd', 'Foster', 'Roeby'),
(30288, 'Sweden', '096508-082M', 'kshakeshaft7z@time.com', 'Keven', 'Shakeshaft'),
(30289, 'Sweden', '260342-120I', 'csweedy80@symantec.com', 'Carmella', 'Sweedy'),
(30290, 'Sweden', '846299-321A', 'ctaggart81@myspace.com', 'Clovis', 'Taggart'),
(30291, 'Sweden', '336350-720O', 'sgoldhill82@prlog.org', 'Shirlene', 'Goldhill'),
(30292, 'Sweden', '260240-090K', 'cmart83@pen.io', 'Clerkclaude', 'Mart'),
(30293, 'Finland', '600892-846L', 'jharcase84@usatoday.com', 'Janenna', 'Harcase'),
(30294, 'Sweden', '585906-764Y', 'rlapslie85@so-net.ne.jp', 'Royall', 'Lapslie'),
(30295, 'Sweden', '128238-584F', 'rdantonio86@cnn.com', 'Roanna', 'DAntonio'),
(30296, 'Norway', '763349-759E', 'aspurr87@people.com.cn', 'Ardyce', 'Spurr'),
(30297, 'Sweden', '648220-165M', 'rgaroghan88@goo.ne.jp', 'Roanne', 'Garoghan'),
(30298, 'Sweden', '241283-919Y', 'wcotterell89@un.org', 'Willa', 'Cotterell'),
(30299, 'Finland', '772552-654S', 'mfirmin8a@bloomberg.com', 'Moshe', 'Firmin'),
(30300, 'Sweden', '727551-653T', 'fmaddison8b@sun.com', 'Filberte', 'Maddison'),
(30301, 'Sweden', '171456-250L', 'fmacneill8c@istockphoto.com', 'Finley', 'MacNeill'),
(30302, 'Norway', '392308-730X', 'rbamblett8d@shareasale.com', 'Rahal', 'Bamblett'),
(30303, 'Sweden', '962031-152J', 'htrevan8e@rakuten.co.jp', 'Hephzibah', 'Trevan'),
(30304, 'Sweden', '041061-914S', 'bbarfield8f@sciencedirect.com', 'Barton', 'Barfield'),
(30305, 'Finland', '326471-838Z', 'cludlom8g@deviantart.com', 'Carlyle', 'Ludlom'),
(30306, 'Sweden', '433944-734K', 'preadman8h@blogger.com', 'Pru', 'Readman'),
(30307, 'Finland', '239188-635S', 'eottiwill8i@imdb.com', 'Elenore', 'Ottiwill'),
(30308, 'Finland', '144793-964F', 'santonazzi8j@springer.com', 'Stinky', 'Antonazzi'),
(30309, 'Finland', '967531-534M', 'gaddlestone8k@bluehost.com', 'Gert', 'Addlestone'),
(30310, 'Sweden', '149688-502O', 'jortsmann8l@japanpost.jp', 'Jesus', 'Ortsmann'),
(30311, 'Sweden', '455113-785X', 'ljeandel8m@ft.com', 'Levon', 'Jeandel'),
(30312, 'Sweden', '439042-212N', 'jmcmechan8n@issuu.com', 'Jorgan', 'Mc Mechan'),
(30313, 'Finland', '883724-972V', 'aoldacres8o@wikispaces.com', 'Arabela', 'Oldacres'),
(30314, 'Sweden', '359221-297E', 'wborgnol8p@umich.edu', 'Willy', 'Borgnol'),
(30315, 'Norway', '393778-286I', 'tmathey8q@sogou.com', 'Tobe', 'Mathey'),
(30316, 'Sweden', '952012-090E', 'dambrogini8r@princeton.edu', 'Dan', 'Ambrogini'),
(30317, 'Sweden', '102768-018C', 'dcottisford8s@ft.com', 'Dalton', 'Cottisford'),
(30318, 'Sweden', '544976-263I', 'sstanistrete8t@fc2.com', 'Salvidor', 'Stanistrete'),
(30319, 'Sweden', '049322-616F', 'iprahm8u@google.ca', 'Ignacius', 'Prahm'),
(30320, 'Sweden', '153713-651C', 'svickarman8v@wikia.com', 'Sherline', 'Vickarman'),
(30321, 'Sweden', '544852-947Z', 'kantoniottii8w@alibaba.com', 'Klemens', 'Antoniottii'),
(30322, 'Sweden', '622214-099E', 'oamberg8x@dedecms.com', 'Obediah', 'Amberg'),
(30323, 'Norway', '479883-235C', 'dnewvell8y@squarespace.com', 'Devlen', 'Newvell'),
(30324, 'Sweden', '382206-413X', 'dscotter8z@bloomberg.com', 'Duncan', 'Scotter'),
(30325, 'Sweden', '798207-295H', 'jmcclements90@freewebs.com', 'Jeniece', 'McClements'),
(30326, 'Sweden', '936366-222Q', 'nlillyman91@nydailynews.com', 'Noland', 'Lillyman'),
(30327, 'Sweden', '688242-863B', 'mgilder92@networkadvertising.org', 'Merrill', 'Gilder'),
(30328, 'Sweden', '845758-824I', 'yskingley93@ted.com', 'Yetty', 'Skingley'),
(30329, 'Sweden', '340693-897W', 'tnaile94@ca.gov', 'Tabbi', 'Naile'),
(30330, 'Sweden', '461800-266U', 'cbeevor95@abc.net.au', 'Cristabel', 'Beevor'),
(30331, 'Sweden', '319031-979J', 'fshakesbye96@jiathis.com', 'Fred', 'Shakesbye'),
(30332, 'Sweden', '846500-790Q', 'sputtan97@examiner.com', 'Sarine', 'Puttan'),
(30333, 'Sweden', '973890-113P', 'jfryer98@cdc.gov', 'Jamima', 'Fryer'),
(30334, 'Sweden', '123784-016X', 'hmonroe99@hhs.gov', 'Hallsy', 'Monroe'),
(30335, 'Sweden', '690491-483G', 'adrysdell9a@google.co.jp', 'Angelina', 'Drysdell'),
(30336, 'Finland', '634814-758U', 'lmancer9b@dedecms.com', 'Leon', 'Mancer'),
(30337, 'Sweden', '000831-261T', 'abisley9c@bbb.org', 'Auberta', 'Bisley'),
(30338, 'Sweden', '829518-328T', 'krhucroft9d@cbsnews.com', 'Karlen', 'Rhucroft'),
(30339, 'Sweden', '659839-311P', 'cellery9e@arstechnica.com', 'Cornell', 'Ellery'),
(30340, 'Norway', '666204-667D', 'cmaudett9f@yandex.ru', 'Celene', 'Maudett'),
(30341, 'Norway', '005783-232M', 'mdoreward9g@timesonline.co.uk', 'Marcellina', 'Doreward'),
(30342, 'Norway', '460734-012Z', 'ieitter9h@tumblr.com', 'Ivor', 'Eitter'),
(30343, 'Sweden', '983894-678M', 'jbastone9i@ibm.com', 'Jasun', 'Bastone'),
(30344, 'Sweden', '464653-476D', 'tstede9j@statcounter.com', 'Teddie', 'Stede'),
(30345, 'Sweden', '450873-539Z', 'apotzold9k@yahoo.com', 'Arly', 'Potzold'),
(30346, 'Norway', '336216-988S', 'scarcas9l@ibm.com', 'Shaine', 'Carcas'),
(30347, 'Sweden', '509320-465R', 'chaney9m@google.fr', 'Clem', 'Haney'),
(30348, 'Sweden', '692019-942D', 'crestieaux9n@cnet.com', 'Clive', 'Restieaux'),
(30349, 'Sweden', '157693-973W', 'rcarlett9o@yandex.ru', 'Ritchie', 'Carlett'),
(30350, 'Sweden', '266270-280L', 'ncarver9p@shutterfly.com', 'Nonie', 'Carver'),
(30351, 'Sweden', '988898-439E', 'rolpin9q@slideshare.net', 'Rabi', 'Olpin'),
(30352, 'Finland', '241739-448T', 'cleivesley9r@fastcompany.com', 'Constantina', 'Leivesley'),
(30353, 'Sweden', '386767-209C', 'aforlong9s@businessweek.com', 'Alla', 'Forlong'),
(30354, 'Sweden', '979780-053A', 'fewbanks9t@nsw.gov.au', 'Faustine', 'Ewbanks'),
(30355, 'Sweden', '097899-689U', 'bkopfer9u@yelp.com', 'Brandyn', 'Kopfer'),
(30356, 'Norway', '039430-413V', 'echipping9v@123-reg.co.uk', 'Elie', 'Chipping'),
(30357, 'Sweden', '233503-619W', 'bfollin9w@mediafire.com', 'Blanca', 'Follin'),
(30358, 'Finland', '000783-439W', 'cstartin9x@wsj.com', 'Cedric', 'Startin'),
(30359, 'Sweden', '128512-913S', 'bfurlong9y@disqus.com', 'Berty', 'Furlong'),
(30360, 'Sweden', '124164-497I', 'rranyell9z@youtu.be', 'Rani', 'Ranyell'),
(30361, 'Sweden', '140711-680Z', 'astanlicka0@godaddy.com', 'Agretha', 'Stanlick'),
(30362, 'Sweden', '222805-722Q', 'ibolzena1@nbcnews.com', 'Iorgo', 'Bolzen'),
(30363, 'Sweden', '696597-836V', 'mellita2@dropbox.com', 'Moina', 'Ellit'),
(30364, 'Finland', '800233-501X', 'ltreagusta3@technorati.com', 'Lesya', 'Treagust'),
(30365, 'Sweden', '890770-543J', 'asheara4@foxnews.com', 'Adeline', 'Shear'),
(30366, 'Finland', '072614-527Q', 'emenezesa5@loc.gov', 'Evangelia', 'Menezes'),
(30367, 'Sweden', '908770-594D', 'wchildrena6@dailymotion.com', 'Woody', 'Children'),
(30368, 'Sweden', '862919-222C', 'dgorriesa7@google.com.au', 'Debbie', 'Gorries'),
(30369, 'Norway', '524959-749Q', 'equodlinga8@unblog.fr', 'Eugenio', 'Quodling'),
(30370, 'Sweden', '442498-417E', 'nwhittletona9@themeforest.net', 'Normie', 'Whittleton'),
(30371, 'Sweden', '997697-163Z', 'dshelfordaa@paginegialle.it', 'Desi', 'Shelford'),
(30372, 'Sweden', '482966-022B', 'cscotsbrookab@hexun.com', 'Cecil', 'Scotsbrook'),
(30373, 'Norway', '810481-849U', 'hpaolucciac@artisteer.com', 'Honey', 'Paolucci'),
(30374, 'Sweden', '975894-431H', 'mkensetad@dedecms.com', 'Mari', 'Kenset'),
(30375, 'Finland', '624689-619T', 'fateggartae@goo.gl', 'Farra', 'Ateggart'),
(30376, 'Sweden', '283186-121U', 'eiacovidesaf@prnewswire.com', 'Eolanda', 'Iacovides'),
(30377, 'Sweden', '795024-607L', 'jsymcoxag@cyberchimps.com', 'Joleen', 'Symcox'),
(30378, 'Sweden', '505283-748T', 'tstanhopeah@google.fr', 'Tracey', 'Stanhope'),
(30379, 'Sweden', '363448-781J', 'cstreatfieldai@tmall.com', 'Cassandry', 'Streatfield'),
(30380, 'Finland', '388020-889F', 'pspackmanaj@hubpages.com', 'Philis', 'Spackman'),
(30381, 'Sweden', '643672-164L', 'kgwillymak@hostgator.com', 'Kippar', 'Gwillym'),
(30382, 'Sweden', '116796-558U', 'pcollumal@jugem.jp', 'Pavia', 'Collum'),
(30383, 'Sweden', '148165-698U', 'rgreesonam@digg.com', 'Renaldo', 'Greeson'),
(30384, 'Sweden', '467445-015L', 'nvaughanan@chicagotribune.com', 'Natty', 'Vaughan'),
(30385, 'Finland', '364547-730K', 'jzanussiiao@alibaba.com', 'Jenifer', 'Zanussii'),
(30386, 'Sweden', '038641-954F', 'tcanepeap@prlog.org', 'Torrance', 'Canepe'),
(30387, 'Norway', '462682-917Y', 'cdorkingaq@umich.edu', 'Cale', 'Dorking'),
(30388, 'Sweden', '332343-617K', 'atembyar@army.mil', 'Ase', 'Temby'),
(30389, 'Sweden', '634703-112A', 'ddahlbackas@ow.ly', 'Daven', 'Dahlback'),
(30390, 'Norway', '640343-894B', 'aburchessat@ovh.net', 'Addia', 'Burchess'),
(30391, 'Sweden', '763151-722T', 'efrobisherau@amazonaws.com', 'Evin', 'Frobisher'),
(30392, 'Finland', '143303-615O', 'soruddenav@ftc.gov', 'Sherwin', 'ORudden'),
(30393, 'Finland', '869075-125W', 'ebeddisaw@sciencedirect.com', 'Evelyn', 'Beddis'),
(30394, 'Sweden', '492549-410A', 'ddetloffax@timesonline.co.uk', 'Dermot', 'Detloff'),
(30395, 'Sweden', '692760-542O', 'fainsbyay@bloglines.com', 'Freeland', 'Ainsby'),
(30396, 'Sweden', '176546-642W', 'ltombsaz@nature.com', 'Lovell', 'Tombs'),
(30397, 'Sweden', '356944-520T', 'cbellanyb0@comcast.net', 'Caz', 'Bellany'),
(30398, 'Sweden', '695678-641O', 'tfulleyloveb1@sfgate.com', 'Tanitansy', 'Fulleylove'),
(30399, 'Sweden', '936462-311O', 'mwoofendellb2@upenn.edu', 'Marlene', 'Woofendell'),
(30400, 'Sweden', '112356-989S', 'crabbetb3@xrea.com', 'Corinne', 'Rabbet'),
(30401, 'Sweden', '059535-595T', 'ckernockb4@bandcamp.com', 'Christan', 'Kernock'),
(30402, 'Sweden', '427279-623W', 'lriccib5@mit.edu', 'Lurline', 'Ricci'),
(30403, 'Finland', '258792-392P', 'jgorkeb6@google.co.uk', 'Jeff', 'Gorke'),
(30404, 'Sweden', '275809-568U', 'adudmanb7@newyorker.com', 'Allyn', 'Dudman'),
(30405, 'Norway', '165381-251V', 'vdunnettb8@imdb.com', 'Vasili', 'Dunnett'),
(30406, 'Norway', '776903-931S', 'esimionib9@usnews.com', 'Elane', 'Simioni'),
(30407, 'Sweden', '785282-778A', 'ndoylandba@furl.net', 'Ninon', 'Doyland'),
(30408, 'Finland', '514683-106F', 'agrishkovbb@ucsd.edu', 'Adella', 'Grishkov'),
(30409, 'Finland', '433114-431A', 'rparemanbc@ehow.com', 'Ruthann', 'Pareman'),
(30410, 'Sweden', '106301-297K', 'cmarkosbd@hatena.ne.jp', 'Ches', 'Markos'),
(30411, 'Sweden', '611562-427C', 'rcoggellbe@gmpg.org', 'Rodd', 'Coggell'),
(30412, 'Sweden', '146550-754W', 'bcrowcumbf@ow.ly', 'Brandy', 'Crowcum'),
(30413, 'Sweden', '406221-337M', 'vlavillebg@soup.io', 'Virgil', 'Laville'),
(30414, 'Sweden', '409297-868M', 'erankmorebh@4shared.com', 'Evangelin', 'Rankmore'),
(30415, 'Finland', '726027-463A', 'etwinbournebi@blog.com', 'Elnar', 'Twinbourne'),
(30416, 'Finland', '004018-256P', 'cantoniewskibj@slashdot.org', 'Christoper', 'Antoniewski'),
(30417, 'Norway', '577907-571I', 'msorbiebk@lulu.com', 'Maude', 'Sorbie'),
(30418, 'Finland', '246858-898Z', 'squippbl@epa.gov', 'Stephani', 'Quipp'),
(30419, 'Finland', '155525-570Z', 'cbleierbm@pagesperso-orange.fr', 'Corrianne', 'Bleier'),
(30420, 'Sweden', '346537-164F', 'vscarsbrickbn@de.vu', 'Vachel', 'Scarsbrick'),
(30421, 'Finland', '644319-976M', 'lyegoshinbo@weibo.com', 'Lucho', 'Yegoshin'),
(30422, 'Finland', '213770-647Q', 'schadbp@tamu.edu', 'Stormy', 'Chad'),
(30423, 'Sweden', '381851-648N', 'eshuttellbq@1und1.de', 'Eryn', 'Shuttell'),
(30424, 'Sweden', '601825-337Q', 'hpawlettbr@linkedin.com', 'Hoyt', 'Pawlett'),
(30425, 'Sweden', '195353-372G', 'csuttiebs@delicious.com', 'Creight', 'Suttie'),
(30426, 'Finland', '977807-590M', 'cmcmorranbt@angelfire.com', 'Carolynn', 'McMorran'),
(30427, 'Sweden', '188388-245B', 'aovernellbu@upenn.edu', 'Angela', 'Overnell'),
(30428, 'Norway', '788708-212G', 'vallcottbv@a8.net', 'Vicki', 'Allcott'),
(30429, 'Sweden', '349303-737W', 'jellulbw@bbc.co.uk', 'Jeremiah', 'Ellul'),
(30430, 'Norway', '414453-606K', 'kbrogiottibx@google.co.jp', 'Kelsey', 'Brogiotti'),
(30431, 'Sweden', '272153-694D', 'ajohlby@wikia.com', 'Alanna', 'Johl'),
(30432, 'Norway', '695802-105D', 'smcturloughbz@yahoo.com', 'Sallyann', 'McTurlough'),
(30433, 'Sweden', '697258-748S', 'jdawidsohnc0@smh.com.au', 'Jocelin', 'Dawidsohn'),
(30434, 'Finland', '346822-707K', 'nleekec1@sogou.com', 'Nalani', 'Leeke'),
(30435, 'Finland', '711552-164J', 'sjenkingc2@macromedia.com', 'Sascha', 'Jenking'),
(30436, 'Finland', '874758-463U', 'thearnamanc3@slideshare.net', 'Tommy', 'Hearnaman'),
(30437, 'Sweden', '184270-284E', 'tjervoisc4@mlb.com', 'Tanner', 'Jervois'),
(30438, 'Sweden', '564494-313X', 'dstainsc5@ed.gov', 'Deane', 'Stains'),
(30439, 'Norway', '520365-683H', 'cdevericksc6@java.com', 'Calhoun', 'Devericks'),
(30440, 'Finland', '227964-754E', 'iyeilesc7@nih.gov', 'Izak', 'Yeiles'),
(30441, 'Sweden', '544652-553N', 'anisardc8@symantec.com', 'Amata', 'Nisard'),
(30442, 'Sweden', '656533-645W', 'bblazyc9@hugedomains.com', 'Bonnie', 'Blazy'),
(30443, 'Sweden', '376298-325P', 'lpuddefootca@pbs.org', 'Loutitia', 'Puddefoot'),
(30444, 'Sweden', '702184-276A', 'ljolincb@multiply.com', 'Lorens', 'Jolin'),
(30445, 'Sweden', '635858-364X', 'spoulsencc@indiegogo.com', 'Sher', 'Poulsen'),
(30446, 'Sweden', '854420-125K', 'cjeschnercd@shinystat.com', 'Car', 'Jeschner'),
(30447, 'Sweden', '535619-238D', 'rgodlipce@chron.com', 'Rockwell', 'Godlip'),
(30448, 'Sweden', '678615-845W', 'jsilversmidcf@spiegel.de', 'Janek', 'Silversmid'),
(30449, 'Sweden', '741964-782T', 'wfullomcg@t-online.de', 'Weylin', 'Fullom'),
(30450, 'Norway', '861373-128N', 'hfarfullch@ifeng.com', 'Huberto', 'Farfull'),
(30451, 'Norway', '710370-300Q', 'rtowci@constantcontact.com', 'Roberto', 'Tow'),
(30452, 'Sweden', '161426-268O', 'edeardscj@irs.gov', 'Erin', 'Deards'),
(30453, 'Finland', '917933-660Y', 'fbaudick@wordpress.com', 'Ferd', 'Baudi'),
(30454, 'Sweden', '787084-512C', 'swrefordcl@1und1.de', 'Sophey', 'Wreford'),
(30455, 'Norway', '735021-029Y', 'rforsoncm@furl.net', 'Rouvin', 'Forson'),
(30456, 'Sweden', '965629-681Z', 'rchelnamcn@ihg.com', 'Ronnie', 'Chelnam'),
(30457, 'Finland', '352487-203G', 'cmaccallionco@stumbleupon.com', 'Clevey', 'MacCallion'),
(30458, 'Finland', '875367-771V', 'rpowleycp@hostgator.com', 'Roxi', 'Powley'),
(30459, 'Sweden', '519231-724J', 'lcorkellcq@phoca.cz', 'Lenee', 'Corkell'),
(30460, 'Sweden', '866286-520K', 'smcphadencr@deviantart.com', 'Stormy', 'McPhaden'),
(30461, 'Sweden', '186676-111S', 'agillittcs@topsy.com', 'Alfonse', 'Gillitt'),
(30462, 'Sweden', '860403-107L', 'mriggertct@comsenz.com', 'Morley', 'Riggert'),
(30463, 'Sweden', '139110-813V', 'gwalickicu@meetup.com', 'Gabriellia', 'Walicki'),
(30464, 'Sweden', '794158-098F', 'gzealycv@google.ca', 'Gayleen', 'Zealy'),
(30465, 'Sweden', '725876-273E', 'ssouthcoatcw@dailymotion.com', 'Shaw', 'Southcoat'),
(30466, 'Sweden', '397513-552C', 'mdepinnacx@wsj.com', 'Muffin', 'de Pinna'),
(30467, 'Sweden', '743511-597D', 'awinklecy@wired.com', 'Arnold', 'Winkle'),
(30468, 'Finland', '576293-687S', 'cgamagecz@plala.or.jp', 'Cyril', 'Gamage'),
(30469, 'Sweden', '490173-015O', 'rhebardd0@tiny.cc', 'Rowland', 'Hebard'),
(30470, 'Sweden', '500890-304A', 'nkamienskid1@senate.gov', 'Noelani', 'Kamienski'),
(30471, 'Finland', '270764-853I', 'kgannand2@reddit.com', 'Kym', 'Gannan'),
(30472, 'Sweden', '840396-868O', 'mclausend3@artisteer.com', 'Miles', 'Clausen'),
(30473, 'Sweden', '508194-714X', 'ndowleyd4@youku.com', 'Nevins', 'Dowley'),
(30474, 'Sweden', '268224-915H', 'pkepped5@i2i.jp', 'Portie', 'Keppe'),
(30475, 'Sweden', '414815-631Z', 'amccullockd6@sciencedaily.com', 'Alicea', 'McCullock'),
(30476, 'Sweden', '357153-214Y', 'sfeldkleind7@tripod.com', 'Sophronia', 'Feldklein'),
(30477, 'Sweden', '706442-107U', 'sfrosdickd8@histats.com', 'Shirline', 'Frosdick'),
(30478, 'Sweden', '815144-989J', 'swrasselld9@stanford.edu', 'Sheena', 'Wrassell'),
(30479, 'Sweden', '085771-707C', 'bsargersonda@wix.com', 'Benedikt', 'Sargerson'),
(30480, 'Sweden', '342203-874F', 'gmallettdb@archive.org', 'Guinevere', 'Mallett'),
(30481, 'Sweden', '837067-849X', 'kshippeydc@squidoo.com', 'Kennedy', 'Shippey'),
(30482, 'Sweden', '750669-530M', 'rpadlydd@cpanel.net', 'Reece', 'Padly'),
(30483, 'Sweden', '915942-163Z', 'plaunchburyde@skyrock.com', 'Perice', 'Launchbury'),
(30484, 'Sweden', '788177-829A', 'wcarderodf@seesaa.net', 'Willdon', 'Cardero'),
(30485, 'Sweden', '504051-018P', 'knoldadg@geocities.com', 'Klaus', 'Nolda'),
(30486, 'Sweden', '579259-596U', 'cbrownleedh@live.com', 'Claribel', 'Brownlee'),
(30487, 'Sweden', '203544-962K', 'cgilmoredi@reference.com', 'Caleb', 'Gilmore'),
(30488, 'Sweden', '880512-815S', 'ddenesdj@wordpress.com', 'Daffy', 'Denes'),
(30489, 'Sweden', '367146-942M', 'kreadittdk@taobao.com', 'Kikelia', 'Readitt'),
(30490, 'Finland', '581968-305Z', 'jberdaledl@techcrunch.com', 'Jami', 'Berdale'),
(30491, 'Sweden', '870009-296C', 'bbleslidm@google.nl', 'Bartram', 'Blesli'),
(30492, 'Sweden', '761391-106O', 'fbowleydn@princeton.edu', 'Frannie', 'Bowley'),
(30493, 'Sweden', '236871-255I', 'pmilhenchdo@economist.com', 'Patricia', 'Milhench'),
(30494, 'Sweden', '575515-818D', 'nlardezdp@senate.gov', 'Nollie', 'Lardez'),
(30495, 'Sweden', '341913-448I', 'smcaveydq@netlog.com', 'Shepherd', 'McAvey'),
(30496, 'Norway', '943077-454T', 'geilertdr@shop-pro.jp', 'Gawen', 'Eilert'),
(30497, 'Sweden', '370476-214V', 'ilaidlerds@meetup.com', 'Isabel', 'Laidler'),
(30498, 'Finland', '905742-342N', 'nmalleydt@soup.io', 'Nigel', 'Malley'),
(30499, 'Finland', '470592-572C', 'dclynterdu@shinystat.com', 'Donny', 'Clynter'),
(30500, 'Sweden', '512333-108P', 'upaskdv@gmpg.org', 'Urban', 'Pask'),
(0, 'Finland', '456878-1458', 'user@mail.com', 'First', 'Last');

INSERT INTO inspections (inspection_id, customer_id, customer_country, optician_id, optician_country, opthalmologist_id, opthalmologist_country, inspections_country, fundus_photo_ref, oct_scan_ref, visual_field_ref, inspection_time, login_token) VALUES
(40001, 30307, 'Finland', 10029, 'Sweden', 20013, 'Sweden', 'Sweden', 6295407, 1140929, 7435766, '2020-03-16 22:28:55', 'YCFB-I4TV-5CVQ'),
(40002, 30340, 'Norway', 10003, 'Sweden', 20012, 'Norway', 'Sweden', 7516048, 8448326, 8772627, '2020-05-16 13:14:33', 'O0UO-LFUZ-DF9D'),
(40003, 30288, 'Sweden', 10026, 'Sweden', 20031, 'Sweden', 'Sweden', 1019417, 8999872, 3290099, '2020-04-22 08:02:06', 'MS1O-271E-N5EC'),
(40004, 30230, 'Sweden', 10015, 'Norway', 20041, 'Sweden', 'Norway', 9491703, 1775530, 7297439, '2020-11-23 05:54:33', 'JRIH-29VJ-NR06'),
(40005, 30102, 'Sweden', 10017, 'Sweden', 20021, 'Sweden', 'Sweden', 1997100, 5650017, 5950103, '2020-09-13 16:05:34', 'UPJ4-32BX-UIC4'),
(40006, 30033, 'Sweden', 10050, 'Finland', 20017, 'Finland', 'Finland', 9530613, 7461384, 1003862, '2020-10-18 08:39:30', 'XF4Y-080M-ZC89'),
(40007, 30398, 'Sweden', 10048, 'Sweden', 20025, 'Norway', 'Sweden', 1638505, 1096326, 8994762, '2020-01-27 22:33:56', '3YM5-41GN-DF9D'),
(40008, 30321, 'Sweden', 10017, 'Sweden', 20021, 'Sweden', 'Sweden', 6463629, 7014748, 6632421, '2020-02-22 01:05:36', 'ZQL1-7D3R-FUC0'),
(40009, 30053, 'Finland', 10021, 'Sweden', 20041, 'Sweden', 'Sweden', 3403529, 5191491, 7693506, '2020-07-23 00:34:10', 'J2UM-14X1-6204'),
(40010, 30440, 'Finland', 10045, 'Finland', 20026, 'Sweden', 'Finland', 9002856, 1588893, 5663373, '2020-02-19 13:01:40', 'YWXN-QHN5-UFC9'),
(40011, 30154, 'Sweden', 10024, 'Sweden', 20003, 'Finland', 'Sweden', 2192507, 4479400, 6243678, '2020-04-22 16:38:07', 'SLOL-13AX-IYRX'),
(40012, 30486, 'Sweden', 10010, 'Sweden', 20043, 'Sweden', 'Sweden', 5702785, 4360676, 9044210, '2020-07-30 23:36:48', 'JH9W-V0RA-11VK'),
(40013, 30068, 'Sweden', 10003, 'Sweden', 20039, 'Sweden', 'Sweden', 7274098, 4286001, 2879246, '2020-07-08 08:36:49', '5K40-ZFO1-WOAI'),
(40014, 30456, 'Sweden', 10027, 'Norway', 20049, 'Sweden', 'Norway', 8573125, 9655969, 3869627, '2020-07-11 17:16:53', 'S4BK-NLQM-E1K8'),
(40015, 30003, 'Sweden', 10021, 'Sweden', 20018, 'Sweden', 'Sweden', 1148150, 9336472, 7265588, '2020-10-03 17:29:55', 'A6CF-GTD2-L4Y6'),
(40016, 30060, 'Sweden', 10001, 'Sweden', 20021, 'Sweden', 'Sweden', 2640507, 8635851, 8568822, '2020-09-11 20:03:42', '8IOY-D70Z-TJLF'),
(40017, 30409, 'Finland', 10011, 'Finland', 20046, 'Sweden', 'Finland', 9940818, 4397839, 6406872, '2020-03-17 03:31:38', 'ELMZ-RI83-Y97T'),
(40018, 30384, 'Sweden', 10039, 'Sweden', 20013, 'Sweden', 'Sweden', 6304697, 7442273, 4585531, '2019-12-24 14:26:12', 'ETVU-YI9V-MB1A'),
(40019, 30098, 'Sweden', 10042, 'Sweden', 20037, 'Sweden', 'Sweden', 4629687, 1249822, 6615320, '2020-05-02 09:04:24', '79FH-24NV-0BMF'),
(40020, 30486, 'Sweden', 10025, 'Norway', 20046, 'Sweden', 'Norway', 1675915, 9688388, 7688624, '2020-04-09 10:06:45', 'E5IG-ZPVL-ATDV'),
(40021, 30462, 'Sweden', 10002, 'Sweden', 20042, 'Sweden', 'Sweden', 6092047, 7076153, 3502043, '2020-10-10 11:58:20', 'O38S-OJDS-HUKP'),
(40022, 30192, 'Sweden', 10015, 'Norway', 20010, 'Sweden', 'Norway', 3755722, 3813032, 5269140, '2019-12-31 04:59:21', 'FYNW-06OE-7Q9M'),
(40023, 30178, 'Sweden', 10047, 'Sweden', 20034, 'Sweden', 'Sweden', 1542679, 5967327, 7497027, '2020-06-20 20:08:58', '0J9L-ZEMZ-SG2Q'),
(40024, 30110, 'Sweden', 10001, 'Sweden', 20014, 'Sweden', 'Sweden', 4923106, 3862096, 3873584, '2020-08-23 08:31:23', 'EYJ7-3JHZ-D6JC'),
(40025, 30263, 'Sweden', 10024, 'Sweden', 20034, 'Sweden', 'Sweden', 8114818, 4483405, 7369278, '2020-06-06 19:45:04', 'FP8I-XNJG-ATEC'),
(40026, 30290, 'Sweden', 10039, 'Sweden', 20036, 'Sweden', 'Sweden', 4692354, 1099731, 3146264, '2020-06-01 22:36:43', 'I1AJ-1FK9-ZBAE'),
(40027, 30224, 'Finland', 10013, 'Norway', 20014, 'Sweden', 'Norway', 6627360, 7306355, 3802909, '2020-06-06 15:48:37', 'EZG2-1L70-I5H2'),
(40028, 30161, 'Sweden', 10011, 'Finland', 20015, 'Finland', 'Finland', 7779549, 1150521, 8424266, '2020-11-24 04:35:13', 'IXE0-TQJR-UU5F'),
(40029, 30258, 'Sweden', 10013, 'Norway', 20041, 'Sweden', 'Norway', 5106929, 5291891, 4606707, '2020-10-11 22:40:32', '3MC4-168E-6WSF'),
(40030, 30062, 'Sweden', 10006, 'Sweden', 20027, 'Sweden', 'Sweden', 5183001, 2868642, 7210853, '2020-08-13 05:55:22', '07VJ-2Q3H-7YPY'),
(40031, 30104, 'Sweden', 10034, 'Sweden', 20036, 'Sweden', 'Sweden', 7107649, 7949144, 1241716, '2020-11-11 18:59:19', 'OOJ8-1T08-NXS5'),
(40032, 30138, 'Norway', 10027, 'Norway', 20014, 'Sweden', 'Norway', 7051961, 2052027, 8403365, '2020-11-20 23:36:13', '1EOI-PQDA-4QFO'),
(40033, 30421, 'Finland', 10040, 'Finland', 20043, 'Sweden', 'Finland', 4196025, 2381703, 2184439, '2020-08-29 10:19:20', '4H3M-GGI5-R06M'),
(40034, 30268, 'Finland', 10027, 'Norway', 20012, 'Norway', 'Norway', 9079405, 3645676, 5118450, '2020-11-28 09:10:24', 'V9WJ-L5XA-308M'),
(40035, 30078, 'Finland', 10018, 'Sweden', 20041, 'Sweden', 'Sweden', 8029829, 5856971, 6726645, '2020-01-09 20:19:13', 'V4WH-MGJJ-HFW4'),
(40036, 30436, 'Finland', 10033, 'Sweden', 20035, 'Sweden', 'Sweden', 6519688, 4003815, 4208967, '2020-11-28 04:23:02', 'EG7G-CAF7-MW0T'),
(40037, 30255, 'Sweden', 10009, 'Sweden', 20022, 'Norway', 'Sweden', 6599146, 7095165, 8782213, '2020-07-09 04:41:52', 'KP02-EULA-FI74'),
(40038, 30213, 'Sweden', 10037, 'Sweden', 20037, 'Sweden', 'Sweden', 4633972, 8165763, 1669726, '2020-07-23 16:29:16', 'O1C7-75W1-DJ7I'),
(40039, 30424, 'Sweden', 10043, 'Sweden', 20041, 'Sweden', 'Sweden', 8295078, 1667285, 7061500, '2020-08-12 23:59:52', 'WTHE-C7DI-U1JV'),
(40040, 30158, 'Sweden', 10035, 'Norway', 20021, 'Sweden', 'Norway', 8808184, 5756001, 3488829, '2020-09-09 00:49:58', '6UE8-TBCN-7BL6'),
(40041, 30260, 'Sweden', 10017, 'Sweden', 20015, 'Finland', 'Sweden', 2426116, 7488233, 2856779, '2020-03-22 23:43:16', 'AJSJ-IKIJ-YYYT'),
(40042, 30126, 'Sweden', 10042, 'Sweden', 20018, 'Sweden', 'Sweden', 3136301, 7072019, 8926102, '2020-02-03 18:00:34', 'WIFQ-KXDE-LZ6G'),
(40043, 30340, 'Norway', 10023, 'Sweden', 20039, 'Sweden', 'Sweden', 2554933, 1742201, 4065566, '2019-12-11 08:15:34', 'JWKG-RJ36-Z778'),
(40044, 30098, 'Sweden', 10006, 'Sweden', 20005, 'Sweden', 'Sweden', 4057801, 7110898, 2779792, '2019-12-15 07:00:23', 'XT81-XDO6-X2Y7'),
(40045, 30017, 'Sweden', 10037, 'Sweden', 20047, 'Sweden', 'Sweden', 6037978, 3702706, 9731917, '2020-01-10 22:56:20', 'UMXG-VF7U-EMM1'),
(40046, 30305, 'Finland', 10020, 'Norway', 20007, 'Sweden', 'Norway', 8730719, 6985123, 4601143, '2019-12-11 22:26:24', 'IHZL-X226-PJIZ'),
(40047, 30470, 'Sweden', 10010, 'Sweden', 20004, 'Sweden', 'Sweden', 5340543, 7299357, 7172113, '2020-02-08 06:41:37', 'F7BH-H9F0-5QM8'),
(40048, 30202, 'Sweden', 10015, 'Norway', 20045, 'Sweden', 'Norway', 4379019, 2352580, 6523276, '2020-09-13 17:23:00', 'V755-N8CR-Z685'),
(40049, 30383, 'Sweden', 10022, 'Sweden', 20036, 'Sweden', 'Sweden', 7647088, 2222447, 8420153, '2020-10-16 15:06:44', 'REYO-H7QG-1Z32'),
(40050, 30316, 'Sweden', 10001, 'Sweden', 20032, 'Finland', 'Sweden', 8293113, 7227387, 6284870, '2020-02-17 21:37:08', 'QI5J-RIQZ-L8ZX'),
(40051, 30113, 'Finland', 10043, 'Sweden', 20041, 'Sweden', 'Sweden', 3268193, 5530343, 8221995, '2020-04-20 08:35:00', '9RVA-AHTO-R724'),
(40052, 30234, 'Norway', 10044, 'Sweden', 20036, 'Sweden', 'Sweden', 9345079, 8664841, 1851073, '2020-04-01 19:02:03', '2RZF-NDQO-J7X6'),
(40053, 30291, 'Sweden', 10028, 'Sweden', 20027, 'Sweden', 'Sweden', 5522257, 1541636, 9403025, '2020-09-24 17:54:30', 'N86Z-WTNY-7ODW'),
(40054, 30453, 'Finland', 10046, 'Sweden', 20028, 'Sweden', 'Sweden', 8151992, 7576845, 5117076, '2020-04-26 11:49:43', 'QYDB-REAE-Y5R7'),
(40055, 30038, 'Finland', 10009, 'Sweden', 20033, 'Finland', 'Sweden', 2190510, 5584668, 7569190, '2020-04-06 15:59:59', 'UIVD-X9DG-Q4F6'),
(40056, 30444, 'Sweden', 10044, 'Sweden', 20033, 'Finland', 'Sweden', 1816711, 1317708, 3932505, '2020-03-16 21:00:24', 'Q4KX-I23L-OFYS'),
(40057, 30209, 'Sweden', 10025, 'Norway', 20018, 'Sweden', 'Norway', 9896886, 1681378, 8076698, '2020-08-20 21:42:36', 'PX4P-9U5P-XS1C'),
(40058, 30220, 'Sweden', 10008, 'Sweden', 20021, 'Sweden', 'Sweden', 2619075, 1098159, 3631179, '2020-03-31 21:42:29', '5RON-REBD-SS05'),
(40059, 30379, 'Sweden', 10029, 'Sweden', 20030, 'Finland', 'Sweden', 8666953, 8885971, 4688056, '2020-02-16 08:12:22', 'RED8-TSI3-5I62'),
(40060, 30225, 'Sweden', 10044, 'Sweden', 20024, 'Sweden', 'Sweden', 5186386, 2464564, 7789624, '2020-08-27 14:49:02', '845Z-6GIX-82Y3'),
(40061, 30016, 'Norway', 10017, 'Sweden', 20016, 'Sweden', 'Sweden', 9239463, 6897593, 4354371, '2020-04-01 17:12:40', 'EQER-BCS5-KCK9'),
(40062, 30132, 'Sweden', 10022, 'Sweden', 20015, 'Finland', 'Sweden', 6563640, 6073854, 5600557, '2020-06-07 07:42:07', '9A3G-JVKC-IWLM'),
(40063, 30373, 'Norway', 10005, 'Norway', 20017, 'Finland', 'Norway', 8182790, 6399436, 7652271, '2020-05-29 14:57:43', 'MBUX-DYQH-QPV9'),
(40064, 30369, 'Norway', 10006, 'Sweden', 20004, 'Sweden', 'Sweden', 9646906, 3205509, 1721516, '2020-10-21 14:41:51', 'I665-P7CX-EAML'),
(40065, 30200, 'Finland', 10010, 'Sweden', 20005, 'Sweden', 'Sweden', 6536345, 7609452, 8217080, '2020-08-14 01:31:43', 'EDTX-88N9-GFO6'),
(40066, 30438, 'Sweden', 10023, 'Sweden', 20029, 'Finland', 'Sweden', 6992544, 7795377, 9078901, '2020-06-24 14:38:42', '63UA-DMT7-76KY'),
(40067, 30156, 'Finland', 10014, 'Sweden', 20019, 'Finland', 'Sweden', 6960053, 3006141, 8865746, '2020-08-03 09:04:27', '1KD8-XOT5-SYKV'),
(40068, 30488, 'Sweden', 10002, 'Sweden', 20028, 'Sweden', 'Sweden', 2296014, 4316010, 7960020, '2020-01-17 04:06:11', 'FADD-E9KZ-FIK3'),
(40069, 30135, 'Sweden', 10009, 'Sweden', 20004, 'Sweden', 'Sweden', 3146077, 7054260, 3946998, '2020-04-07 02:39:51', 'OJ65-TF6D-8Q2O'),
(40070, 30426, 'Finland', 10030, 'Norway', 20011, 'Finland', 'Norway', 3652013, 8513757, 1775528, '2020-05-07 03:48:48', 'LD71-B7X0-VZ2U'),
(40071, 30137, 'Sweden', 10038, 'Finland', 20049, 'Sweden', 'Finland', 4374928, 2641115, 5167352, '2020-11-01 22:02:36', 'AN7B-512H-HZS6'),
(40072, 30169, 'Norway', 10027, 'Norway', 20027, 'Sweden', 'Norway', 1093458, 7909411, 6233606, '2020-05-30 22:45:06', '9T6J-99RD-6ZMT'),
(40073, 30196, 'Norway', 10014, 'Sweden', 20050, 'Sweden', 'Sweden', 8462916, 4944816, 7376336, '2020-10-06 01:44:28', 'UB8Z-JNZ8-TD4R'),
(40074, 30462, 'Sweden', 10041, 'Norway', 20027, 'Sweden', 'Norway', 3808741, 6549436, 8599725, '2020-02-23 02:30:57', '5LRV-S1HC-Z113'),
(40075, 30273, 'Sweden', 10017, 'Sweden', 20006, 'Sweden', 'Sweden', 4732777, 1579201, 9798015, '2020-08-09 15:03:00', 'USBF-OVVH-C1OL'),
(40076, 30003, 'Sweden', 10024, 'Sweden', 20010, 'Sweden', 'Sweden', 9745845, 3840125, 2376516, '2020-08-17 12:59:02', 'QXYY-6GT7-SB80'),
(40077, 30241, 'Norway', 10027, 'Norway', 20046, 'Sweden', 'Norway', 8765688, 8746798, 1216335, '2019-12-12 15:16:58', '628F-U4R2-19TG'),
(40078, 30022, 'Finland', 10042, 'Sweden', 20042, 'Sweden', 'Sweden', 6301806, 2090789, 2975452, '2020-04-19 11:26:43', 'K8XQ-TVDV-SK2P'),
(40079, 30168, 'Sweden', 10009, 'Sweden', 20006, 'Sweden', 'Sweden', 6561187, 5395267, 3503962, '2020-03-31 02:39:17', '26V1-CO89-8RYJ'),
(40080, 30200, 'Finland', 10047, 'Sweden', 20003, 'Finland', 'Sweden', 2934967, 6725413, 6816336, '2020-07-21 16:23:15', 'MVAT-97H8-RKWE'),
(40081, 30105, 'Sweden', 10049, 'Finland', 20011, 'Finland', 'Finland', 4290523, 5944254, 7271343, '2020-11-11 07:03:30', 'WM7L-UEVS-Y92F'),
(40082, 30382, 'Sweden', 10004, 'Sweden', 20016, 'Sweden', 'Sweden', 1381137, 9491580, 1099749, '2020-08-31 04:06:59', 'P54X-JJR4-QCIN'),
(40083, 30070, 'Sweden', 10010, 'Sweden', 20036, 'Sweden', 'Sweden', 5367556, 8569828, 1346239, '2020-01-05 19:40:09', '7QK6-168U-TVZ0'),
(40084, 30244, 'Finland', 10044, 'Sweden', 20038, 'Sweden', 'Sweden', 4199673, 9253235, 1744887, '2020-07-28 12:36:46', '05BW-ZNVC-URST'),
(40085, 30015, 'Sweden', 10015, 'Norway', 20011, 'Finland', 'Norway', 7819901, 1501719, 6044950, '2020-04-23 07:12:50', 'XQTQ-2TGW-1UQE'),
(40086, 30117, 'Sweden', 10016, 'Sweden', 20002, 'Sweden', 'Sweden', 8206749, 5942707, 8416258, '2020-01-11 04:14:02', 'MY9G-QN4Y-4S7Q'),
(40087, 30284, 'Sweden', 10045, 'Finland', 20042, 'Sweden', 'Finland', 8649966, 7936373, 1347758, '2020-07-27 20:15:35', 'K101-REEG-KK3E'),
(40088, 30180, 'Sweden', 10048, 'Sweden', 20030, 'Finland', 'Sweden', 9512110, 3230204, 3199418, '2020-09-24 05:27:34', 'MK0N-261N-E49T'),
(40089, 30060, 'Sweden', 10049, 'Finland', 20045, 'Sweden', 'Finland', 5604708, 5047963, 9267623, '2020-08-24 22:02:14', 'B5S5-G74X-O2GE'),
(40090, 30210, 'Sweden', 10013, 'Norway', 20042, 'Sweden', 'Norway', 1626530, 2012920, 9120324, '2020-03-02 04:44:07', 'WKMN-8NOI-5GJS'),
(40091, 30417, 'Norway', 10036, 'Sweden', 20029, 'Finland', 'Sweden', 2593277, 8543196, 9368508, '2020-06-22 09:53:44', 'X3SR-2P3Y-1HW2'),
(40092, 30346, 'Norway', 10021, 'Sweden', 20005, 'Sweden', 'Sweden', 2020376, 1265725, 4630115, '2020-06-06 03:12:44', '112T-G8MX-VPNX'),
(40093, 30383, 'Sweden', 10001, 'Sweden', 20015, 'Finland', 'Sweden', 8076646, 2819314, 2289907, '2020-08-25 14:22:04', '30QT-MRL7-ZMWO'),
(40094, 30070, 'Sweden', 10009, 'Sweden', 20025, 'Norway', 'Sweden', 5279222, 1359239, 9768734, '2020-08-01 22:32:56', 'X1GJ-VIEG-YB9K'),
(40095, 30134, 'Sweden', 10006, 'Sweden', 20002, 'Sweden', 'Sweden', 4921551, 7889117, 2104198, '2020-02-19 10:52:38', '60F7-2J58-8N44'),
(40096, 30158, 'Sweden', 10040, 'Finland', 20011, 'Finland', 'Finland', 5100396, 4620728, 9873173, '2020-02-16 08:59:04', 'IN1T-4FA0-KNSY'),
(40097, 30458, 'Finland', 10006, 'Sweden', 20037, 'Sweden', 'Sweden', 5528832, 1695675, 6216141, '2020-06-05 09:06:35', 'XFJW-I4QW-2NNJ'),
(40098, 30100, 'Sweden', 10036, 'Sweden', 20043, 'Sweden', 'Sweden', 7710874, 5721360, 7846170, '2020-06-06 03:21:55', 'SNZA-945O-D0C2'),
(40099, 30262, 'Sweden', 10041, 'Norway', 20049, 'Sweden', 'Norway', 6125141, 6774890, 5682760, '2020-10-29 10:01:09', '8RJ5-CPNW-G7QD'),
(40100, 30427, 'Sweden', 10004, 'Sweden', 20050, 'Sweden', 'Sweden', 1474934, 1770512, 5331353, '2020-01-03 07:57:04', 'YMI4-51WY-MX0U'),
(40101, 30187, 'Sweden', 10015, 'Norway', 20034, 'Sweden', 'Norway', 1608936, 4122317, 1733306, '2020-02-03 22:45:20', 'KU1S-1YR2-LHJ8'),
(40102, 30423, 'Sweden', 10009, 'Sweden', 20005, 'Sweden', 'Sweden', 9656563, 9129678, 4832672, '2020-05-11 01:57:05', 'PDKB-V1T4-KHDG'),
(40103, 30200, 'Finland', 10001, 'Sweden', 20045, 'Sweden', 'Sweden', 2820376, 2254059, 8745250, '2020-08-10 04:40:42', 'IA85-6WZR-UXVZ'),
(40104, 30312, 'Sweden', 10026, 'Sweden', 20038, 'Sweden', 'Sweden', 2652711, 8607084, 4377541, '2020-07-30 05:12:12', 'PD70-D2AG-62H1'),
(40105, 30360, 'Sweden', 10040, 'Finland', 20045, 'Sweden', 'Finland', 2642088, 8254761, 9227911, '2020-01-01 14:19:13', 'KVIG-DNWQ-CWD2'),
(40106, 30074, 'Finland', 10050, 'Finland', 20005, 'Sweden', 'Finland', 7729089, 4476859, 4728653, '2020-07-13 08:48:50', 'WSR8-HMZL-UXZB'),
(40107, 30232, 'Finland', 10031, 'Sweden', 20017, 'Finland', 'Sweden', 4737527, 7408176, 6730136, '2020-09-30 20:07:07', 'FO6Z-YWJD-IT8T'),
(40108, 30338, 'Sweden', 10049, 'Finland', 20007, 'Sweden', 'Finland', 6163804, 7346256, 3671499, '2020-11-29 05:52:11', 'LG9Q-M8TV-KBC7'),
(40109, 30152, 'Sweden', 10046, 'Sweden', 20005, 'Sweden', 'Sweden', 4235803, 9324095, 2254937, '2020-06-25 18:42:23', '7F7G-AHBI-I934'),
(40110, 30010, 'Sweden', 10037, 'Sweden', 20017, 'Finland', 'Sweden', 8502553, 1296657, 6052146, '2020-09-15 14:29:57', '11BA-4LAX-5J6N'),
(40111, 30035, 'Sweden', 10034, 'Sweden', 20013, 'Sweden', 'Sweden', 3897916, 2742437, 8896685, '2020-01-29 18:43:22', 'DNYE-XOMD-EELQ'),
(40112, 30142, 'Sweden', 10050, 'Finland', 20026, 'Sweden', 'Finland', 8887609, 2720860, 3079154, '2020-07-15 20:59:15', 'DVFB-B83V-QX8O'),
(40113, 30338, 'Sweden', 10035, 'Norway', 20029, 'Finland', 'Norway', 5296903, 6559626, 4452988, '2020-06-19 08:08:05', 'O2RF-XIA7-F51E'),
(40114, 30314, 'Sweden', 10046, 'Sweden', 20042, 'Sweden', 'Sweden', 1892678, 1042479, 2321131, '2020-08-19 09:27:07', '3P41-SSMH-6XDJ'),
(40115, 30093, 'Sweden', 10039, 'Sweden', 20021, 'Sweden', 'Sweden', 7005299, 6123664, 1469685, '2020-07-19 09:00:58', 'YH2N-CWWJ-BSGP'),
(40116, 30152, 'Sweden', 10017, 'Sweden', 20044, 'Sweden', 'Sweden', 5153704, 1505770, 8683665, '2020-03-21 14:09:48', 'I1C6-NMOQ-NABT'),
(40117, 30142, 'Sweden', 10033, 'Sweden', 20018, 'Sweden', 'Sweden', 9991598, 1192336, 6845156, '2020-09-29 13:32:46', 'FKJG-OUUP-C915'),
(40118, 30232, 'Finland', 10021, 'Sweden', 20042, 'Sweden', 'Sweden', 3851091, 1482766, 1597093, '2020-09-14 10:28:47', 'OCK6-19IO-GBWN'),
(40119, 30418, 'Finland', 10036, 'Sweden', 20017, 'Finland', 'Sweden', 9854806, 2089486, 6724352, '2020-04-05 09:02:03', 'FGHF-I7A5-U4T1'),
(40120, 30199, 'Norway', 10044, 'Sweden', 20009, 'Sweden', 'Sweden', 8240031, 2908626, 6559163, '2020-08-24 01:34:39', '2S8A-SVAI-50ZK'),
(40121, 30360, 'Sweden', 10047, 'Sweden', 20027, 'Sweden', 'Sweden', 1433547, 5367206, 4958407, '2020-07-23 21:11:16', 'OWXN-SUCL-Y5LR'),
(40122, 30359, 'Sweden', 10011, 'Finland', 20039, 'Sweden', 'Finland', 3635746, 4010904, 3675339, '2020-06-16 00:29:15', 'N2A5-3FF0-TFXB'),
(40123, 30043, 'Norway', 10013, 'Norway', 20002, 'Sweden', 'Norway', 6286873, 9556678, 1969209, '2020-03-22 10:07:42', 'EEP7-W5GR-QB5I'),
(40124, 30205, 'Finland', 10004, 'Sweden', 20001, 'Sweden', 'Sweden', 8048342, 5764227, 1810031, '2020-04-01 00:21:35', 'QEL3-ZJKV-NNI4'),
(40125, 30182, 'Finland', 10040, 'Finland', 20007, 'Sweden', 'Finland', 1823449, 9638916, 5306304, '2020-10-03 18:14:47', '11Q6-MT38-HSAF'),
(40126, 30151, 'Sweden', 10008, 'Sweden', 20027, 'Sweden', 'Sweden', 6785681, 6414491, 4664090, '2020-01-29 16:26:13', '1N1I-A39W-E2ZW'),
(40127, 30212, 'Sweden', 10024, 'Sweden', 20016, 'Sweden', 'Sweden', 8465715, 2483148, 6723057, '2020-07-10 05:09:37', 'YJWD-I1OP-OFIG'),
(40128, 30284, 'Sweden', 10034, 'Sweden', 20043, 'Sweden', 'Sweden', 7930313, 7102403, 6914450, '2020-08-30 05:57:46', '0YQ4-S1V1-OIB5'),
(40129, 30086, 'Sweden', 10042, 'Sweden', 20034, 'Sweden', 'Sweden', 2230026, 8791573, 6220447, '2020-04-25 16:53:25', '953K-J4KA-N9TA'),
(40130, 30345, 'Sweden', 10015, 'Norway', 20029, 'Finland', 'Norway', 7534824, 7204119, 2319185, '2020-10-12 07:45:23', 'TWT0-90HA-LM3D'),
(40131, 30468, 'Finland', 10005, 'Norway', 20012, 'Norway', 'Norway', 5497776, 6323189, 5175350, '2020-09-25 21:22:57', '0RW3-ZIBN-H032'),
(40132, 30434, 'Finland', 10024, 'Sweden', 20009, 'Sweden', 'Sweden', 3302549, 4404101, 2043317, '2020-04-23 14:49:47', '2MM7-2Z3F-Q9WD'),
(40133, 30002, 'Sweden', 10018, 'Sweden', 20002, 'Sweden', 'Sweden', 4600615, 9222107, 4736770, '2020-11-26 19:04:36', '1FRH-Z88T-0HLG'),
(40134, 30184, 'Finland', 10027, 'Norway', 20031, 'Sweden', 'Norway', 6962552, 5435601, 6772620, '2020-01-27 03:34:55', 'DIF7-6WB1-BKUC'),
(40135, 30026, 'Sweden', 10023, 'Sweden', 20032, 'Finland', 'Sweden', 9310685, 8303330, 6910510, '2020-07-12 05:43:29', 'VMN0-H0MQ-08PA'),
(40136, 30364, 'Finland', 10009, 'Sweden', 20006, 'Sweden', 'Sweden', 8369268, 7443703, 6803897, '2020-01-11 23:05:28', '1PR0-2D61-A6TO'),
(40137, 30069, 'Sweden', 10027, 'Norway', 20030, 'Finland', 'Norway', 9706267, 6598005, 5871862, '2020-10-21 20:49:34', '6STQ-SHMO-4YHM'),
(40138, 30186, 'Sweden', 10011, 'Finland', 20009, 'Sweden', 'Finland', 6928147, 9194702, 9347357, '2020-01-25 17:23:47', 'TSRB-UXHT-M7WG'),
(40139, 30252, 'Sweden', 10025, 'Norway', 20033, 'Finland', 'Norway', 3479843, 9770978, 2638357, '2020-03-16 12:52:08', 'JQS9-SI0O-SE9G'),
(40140, 30440, 'Finland', 10024, 'Sweden', 20049, 'Sweden', 'Sweden', 5673538, 9899219, 6094096, '2020-06-07 04:55:26', 'XATW-3JII-I2KP'),
(40141, 30399, 'Sweden', 10024, 'Sweden', 20015, 'Finland', 'Sweden', 1666328, 1144294, 4061795, '2020-05-26 10:59:20', 'VI95-XJMX-XIUO'),
(40142, 30221, 'Sweden', 10026, 'Sweden', 20021, 'Sweden', 'Sweden', 2398867, 6824838, 9774495, '2020-07-11 16:59:12', '5CSS-KPYQ-DHJO'),
(40143, 30236, 'Sweden', 10041, 'Norway', 20020, 'Sweden', 'Norway', 7568212, 3534990, 6168044, '2020-02-13 22:51:41', 'AQDB-Y0PK-NFIA'),
(40144, 30100, 'Sweden', 10015, 'Norway', 20009, 'Sweden', 'Norway', 6181216, 3876692, 7930091, '2020-04-22 07:07:52', '9K2Z-98X5-KONA'),
(40145, 30126, 'Sweden', 10042, 'Sweden', 20048, 'Sweden', 'Sweden', 5346407, 8704553, 9210390, '2020-07-06 05:25:37', '218R-4AKY-1S88'),
(40146, 30295, 'Sweden', 10032, 'Finland', 20029, 'Finland', 'Finland', 3424033, 9314986, 6459545, '2020-04-21 18:02:21', 'BMEN-A9NA-A609'),
(40147, 30318, 'Sweden', 10016, 'Sweden', 20019, 'Finland', 'Sweden', 7251249, 2755852, 8687877, '2020-06-19 12:20:08', 'C1PC-XJ96-9PEV'),
(40148, 30267, 'Sweden', 10028, 'Sweden', 20047, 'Sweden', 'Sweden', 2007710, 3437711, 6416828, '2020-10-17 19:28:33', 'XPM1-D7BY-AC55'),
(40149, 30253, 'Sweden', 10031, 'Sweden', 20032, 'Finland', 'Sweden', 2323541, 1405807, 7261669, '2020-11-06 00:46:23', 'UI2C-63IK-O6TZ'),
(40150, 30109, 'Sweden', 10020, 'Norway', 20028, 'Sweden', 'Norway', 9369124, 7745658, 4400654, '2020-03-08 08:27:02', 'BY4R-M1TH-I0MJ'),
(40151, 30026, 'Sweden', 10036, 'Sweden', 20019, 'Finland', 'Sweden', 8046638, 9037827, 4728098, '2020-10-01 17:16:11', 'TKSK-TW2V-OPFD'),
(40152, 30250, 'Sweden', 10042, 'Sweden', 20027, 'Sweden', 'Sweden', 6519991, 4349444, 5398242, '2020-01-30 10:52:08', 'EYY1-VXMP-L10M'),
(40153, 30297, 'Sweden', 10036, 'Sweden', 20028, 'Sweden', 'Sweden', 9123230, 2411102, 5471521, '2020-02-20 08:06:40', 'LUMD-F7WM-QTBJ'),
(40154, 30279, 'Finland', 10010, 'Sweden', 20014, 'Sweden', 'Sweden', 7359408, 5838071, 7607720, '2020-11-07 17:29:11', 'TN85-CH9I-ZE4V'),
(40155, 30353, 'Sweden', 10041, 'Norway', 20015, 'Finland', 'Norway', 8099553, 4146794, 7199350, '2020-05-29 01:26:53', '477I-FVUD-1L9V'),
(40156, 30156, 'Finland', 10047, 'Sweden', 20015, 'Finland', 'Sweden', 1999471, 6357502, 2556300, '2020-07-16 00:22:36', 'GYOH-7JXC-DAST'),
(40157, 30144, 'Sweden', 10038, 'Finland', 20047, 'Sweden', 'Finland', 4885797, 1862483, 6295877, '2020-02-01 01:36:41', 'HCFC-3UR7-RGTN'),
(40158, 30048, 'Sweden', 10014, 'Sweden', 20045, 'Sweden', 'Sweden', 1918039, 3812440, 3501943, '2020-04-07 11:30:48', 'BCPO-GOY3-59EG'),
(40159, 30096, 'Sweden', 10020, 'Norway', 20003, 'Finland', 'Norway', 3355256, 1248785, 6044490, '2020-05-30 21:57:04', '3SDN-YH97-QO7Z'),
(40160, 30223, 'Sweden', 10040, 'Finland', 20004, 'Sweden', 'Finland', 3998082, 1202173, 9060777, '2020-11-19 11:31:21', 'ODLJ-VSUJ-P3NL'),
(40161, 30466, 'Sweden', 10044, 'Sweden', 20031, 'Sweden', 'Sweden', 7394769, 9682596, 5531842, '2020-09-01 20:59:29', 'MYG4-6YJT-33O3'),
(40162, 30136, 'Sweden', 10038, 'Finland', 20040, 'Finland', 'Finland', 1997261, 3136783, 9604112, '2020-02-13 17:56:20', 'Z36P-FLF2-Q7TO'),
(40163, 30360, 'Sweden', 10034, 'Sweden', 20005, 'Sweden', 'Sweden', 2283148, 6915159, 4273584, '2020-09-19 19:22:18', 'GR4T-KMLM-60XG'),
(40164, 30316, 'Sweden', 10042, 'Sweden', 20032, 'Finland', 'Sweden', 7513696, 7476190, 7968740, '2020-09-10 11:56:25', 'GXXI-W2NC-GS0R'),
(40165, 30418, 'Finland', 10025, 'Norway', 20001, 'Sweden', 'Norway', 2080348, 1000079, 8425263, '2020-09-19 02:42:13', 'U037-ZLIY-8T3N'),
(40166, 30125, 'Sweden', 10010, 'Sweden', 20049, 'Sweden', 'Sweden', 8087868, 8713430, 3329694, '2020-08-09 22:12:21', 'MBR2-SVRM-V5KU'),
(40167, 30395, 'Sweden', 10024, 'Sweden', 20040, 'Finland', 'Sweden', 2941028, 1175667, 5598265, '2020-03-30 08:42:37', 'EVRP-20JQ-YJRG'),
(40168, 30053, 'Finland', 10041, 'Norway', 20013, 'Sweden', 'Norway', 2033985, 4921069, 6429999, '2020-08-04 21:24:09', '16D4-HOS7-9J9V'),
(40169, 30402, 'Sweden', 10031, 'Sweden', 20014, 'Sweden', 'Sweden', 1711472, 3206447, 2999700, '2020-04-20 05:10:03', 'IG3Z-27PL-Q1EK'),
(40170, 30188, 'Sweden', 10027, 'Norway', 20028, 'Sweden', 'Norway', 4383990, 8305176, 1292548, '2020-05-25 12:52:30', '3FXA-4AAM-72KX'),
(40171, 30209, 'Sweden', 10010, 'Sweden', 20045, 'Sweden', 'Sweden', 7280633, 2363575, 1825832, '2020-10-05 01:14:22', 'N3LO-A5W9-UL7S'),
(40172, 30138, 'Norway', 10044, 'Sweden', 20028, 'Sweden', 'Sweden', 2417577, 8071212, 9853469, '2020-06-01 18:40:33', 'PEAG-UEGU-4F8J'),
(40173, 30147, 'Finland', 10008, 'Sweden', 20036, 'Sweden', 'Sweden', 9130707, 6490159, 3414780, '2020-09-18 23:39:14', 'LKXZ-1TX8-VXQZ'),
(40174, 30418, 'Finland', 10036, 'Sweden', 20004, 'Sweden', 'Sweden', 3747233, 7445192, 4006632, '2020-02-16 09:58:58', 'M45Y-TRIP-257S'),
(40175, 30171, 'Sweden', 10028, 'Sweden', 20021, 'Sweden', 'Sweden', 1939577, 2990954, 4180005, '2020-08-03 12:10:27', 'UPPP-VH5K-N3QY'),
(40176, 30449, 'Sweden', 10002, 'Sweden', 20031, 'Sweden', 'Sweden', 4590166, 8997114, 1797985, '2020-10-25 21:06:15', 'EKCK-VIX5-5FFZ'),
(40177, 30028, 'Finland', 10042, 'Sweden', 20022, 'Norway', 'Sweden', 6777163, 6220646, 1789579, '2020-05-10 15:50:01', 'YLJP-2SB5-HOJR'),
(40178, 30303, 'Sweden', 10039, 'Sweden', 20011, 'Finland', 'Sweden', 9729054, 4862080, 3540451, '2020-03-09 05:54:28', '5DEX-TK2E-PUHC'),
(40179, 30084, 'Sweden', 10025, 'Norway', 20035, 'Sweden', 'Norway', 7922534, 7122043, 8813031, '2020-10-24 06:27:52', 'VIWW-K1NI-HRA5'),
(40180, 30371, 'Sweden', 10003, 'Sweden', 20043, 'Sweden', 'Sweden', 7304905, 5406073, 4756845, '2020-11-23 01:14:22', 'JMVR-C19S-7SR2'),
(40181, 30021, 'Sweden', 10033, 'Sweden', 20032, 'Finland', 'Sweden', 7761411, 5117570, 7185526, '2020-05-13 23:06:51', 'JHFC-8RO0-7WTS'),
(40182, 30305, 'Finland', 10038, 'Finland', 20035, 'Sweden', 'Finland', 7306189, 3787638, 8322551, '2020-09-28 07:52:28', '4G6P-P7OU-APWQ'),
(40183, 30239, 'Finland', 10001, 'Sweden', 20004, 'Sweden', 'Sweden', 9896592, 7620823, 7953865, '2020-06-14 17:04:23', '2NPJ-C602-OPKH'),
(40184, 30270, 'Sweden', 10025, 'Norway', 20013, 'Sweden', 'Norway', 6139168, 7832699, 7490730, '2020-10-05 11:04:38', 'CLXO-C7KY-P7D6'),
(40185, 30201, 'Sweden', 10022, 'Sweden', 20038, 'Sweden', 'Sweden', 3940070, 3903932, 1587052, '2020-11-20 02:53:33', '3QAD-31NY-8Z4N'),
(40186, 30216, 'Norway', 10041, 'Norway', 20002, 'Sweden', 'Norway', 2872253, 4225800, 7701898, '2020-10-14 03:48:19', 'CO32-RY8Q-2GIP'),
(40187, 30184, 'Finland', 10039, 'Sweden', 20042, 'Sweden', 'Sweden', 4048113, 5615178, 1260261, '2020-09-10 15:58:32', 'MTDY-51T3-U3Q9'),
(40188, 30251, 'Sweden', 10024, 'Sweden', 20027, 'Sweden', 'Sweden', 6771583, 1297462, 4524397, '2020-01-12 22:23:46', '7SBQ-FXSF-FEYD'),
(40189, 30229, 'Sweden', 10005, 'Norway', 20015, 'Finland', 'Norway', 5727146, 6776435, 2076880, '2020-06-17 02:41:55', '4FXN-ITPC-4WHI'),
(40190, 30099, 'Sweden', 10014, 'Sweden', 20047, 'Sweden', 'Sweden', 5076339, 2102953, 6358197, '2020-10-04 17:33:11', 'VQUV-Q6CA-VWUZ'),
(40191, 30484, 'Sweden', 10022, 'Sweden', 20014, 'Sweden', 'Sweden', 9402095, 9153781, 5486721, '2020-07-27 18:57:23', 'UNKT-B572-F2QH'),
(40192, 30009, 'Sweden', 10026, 'Sweden', 20008, 'Sweden', 'Sweden', 7311676, 7303081, 6719753, '2020-08-26 19:32:49', 'HB89-NNF1-U527'),
(40193, 30280, 'Sweden', 10025, 'Norway', 20017, 'Finland', 'Norway', 1486204, 2276929, 2588004, '2020-06-20 04:45:17', 'M8W4-P4Q1-PP08'),
(40194, 30006, 'Sweden', 10049, 'Finland', 20026, 'Sweden', 'Finland', 9877139, 5787404, 8811635, '2020-11-20 03:20:06', 'PSII-MAZJ-UHSN'),
(40195, 30380, 'Finland', 10031, 'Sweden', 20007, 'Sweden', 'Sweden', 2016529, 8917065, 5264753, '2020-05-23 21:42:40', 'S9O3-2LRV-PI7X'),
(40196, 30054, 'Sweden', 10025, 'Norway', 20008, 'Sweden', 'Norway', 8929435, 5552910, 3085325, '2020-07-18 05:24:58', 'IDLD-2VQP-M36U'),
(40197, 30438, 'Sweden', 10006, 'Sweden', 20021, 'Sweden', 'Sweden', 6728139, 8943559, 7377596, '2019-12-11 17:29:31', 'H01P-YQA4-SD5B'),
(40198, 30396, 'Sweden', 10036, 'Sweden', 20005, 'Sweden', 'Sweden', 2986872, 5337615, 4608913, '2020-08-10 06:59:25', '47G3-DDA0-LU2L'),
(40199, 30390, 'Norway', 10033, 'Sweden', 20050, 'Sweden', 'Sweden', 3428543, 1762593, 4148158, '2020-05-01 23:17:05', '52MZ-X6DM-890L'),
(40200, 30454, 'Sweden', 10029, 'Sweden', 20026, 'Sweden', 'Sweden', 4027511, 8658394, 2507187, '2020-06-23 17:11:43', 'F8PX-I665-4S0X'),
(40201, 30463, 'Sweden', 10027, 'Norway', 20039, 'Sweden', 'Norway', 7981542, 1066955, 5546859, '2020-10-13 15:17:26', 'IFI6-6VNW-H9JI'),
(40202, 30338, 'Sweden', 10025, 'Norway', 20008, 'Sweden', 'Norway', 4419194, 1692644, 4265619, '2020-01-02 01:35:04', 'XV5X-8LGP-7PV5'),
(40203, 30040, 'Sweden', 10020, 'Norway', 20027, 'Sweden', 'Norway', 1964288, 6153628, 8699000, '2020-02-15 15:36:50', 'HNSM-DQYI-SNNB'),
(40204, 30490, 'Finland', 10036, 'Sweden', 20013, 'Sweden', 'Sweden', 9225912, 7128439, 7532794, '2020-12-10 05:13:30', 'ZN2Q-6QX3-67RQ'),
(40205, 30004, 'Sweden', 10037, 'Sweden', 20012, 'Norway', 'Sweden', 1484436, 7884872, 2411505, '2020-07-06 00:17:12', 'DGWX-7G4W-3497'),
(40206, 30113, 'Finland', 10005, 'Norway', 20041, 'Sweden', 'Norway', 2501495, 5994438, 8736573, '2020-02-23 15:00:21', 'R38O-28F9-5TB4'),
(40207, 30497, 'Sweden', 10038, 'Finland', 20026, 'Sweden', 'Finland', 4014971, 2098789, 7073815, '2020-05-15 22:01:59', '0ZCY-I886-9F5R'),
(40208, 30488, 'Sweden', 10043, 'Sweden', 20024, 'Sweden', 'Sweden', 1903140, 2764890, 5405192, '2020-07-24 02:52:17', '5R9Y-R9SM-M751'),
(40209, 30358, 'Finland', 10044, 'Sweden', 20047, 'Sweden', 'Sweden', 7400275, 1815973, 7793270, '2020-05-19 01:05:00', 'BWOZ-IVJW-M2KX'),
(40210, 30216, 'Norway', 10032, 'Finland', 20044, 'Sweden', 'Finland', 9381137, 7977940, 1750240, '2020-04-20 04:31:22', 'UWTN-BBJV-K5AW'),
(40211, 30091, 'Finland', 10039, 'Sweden', 20004, 'Sweden', 'Sweden', 4335146, 7851549, 4505493, '2020-08-14 11:42:45', 'PJND-BHCL-S48K'),
(40212, 30426, 'Finland', 10016, 'Sweden', 20049, 'Sweden', 'Sweden', 9755767, 8481608, 4773232, '2020-11-08 19:49:40', 'BOSG-3L15-GCHK'),
(40213, 30112, 'Sweden', 10030, 'Norway', 20017, 'Finland', 'Norway', 7826450, 6520641, 7071826, '2020-09-12 04:21:16', '9EED-W951-2X29'),
(40214, 30344, 'Sweden', 10037, 'Sweden', 20041, 'Sweden', 'Sweden', 3080219, 9191365, 1088715, '2020-01-11 23:19:26', 'UNO6-GIB3-FH1Y'),
(40215, 30261, 'Sweden', 10041, 'Norway', 20035, 'Sweden', 'Norway', 4695737, 8474111, 2942389, '2020-10-12 22:43:55', 'PYEN-5X54-4I69'),
(40216, 30065, 'Sweden', 10007, 'Sweden', 20010, 'Sweden', 'Sweden', 4988410, 7770827, 4520299, '2020-11-26 12:41:39', 'XGCJ-ULYS-54R7'),
(40217, 30233, 'Finland', 10002, 'Sweden', 20045, 'Sweden', 'Sweden', 2432124, 5865387, 4524187, '2020-10-17 22:01:08', 'IWI8-4MUH-0RMN'),
(40218, 30453, 'Finland', 10031, 'Sweden', 20003, 'Finland', 'Sweden', 1830279, 7806609, 4032835, '2020-09-09 19:58:58', 'YCIB-HSLQ-1D21'),
(40219, 30428, 'Norway', 10004, 'Sweden', 20041, 'Sweden', 'Sweden', 2308320, 8382652, 6477015, '2019-12-16 14:24:53', 'UBIF-VOFU-5HRA'),
(40220, 30412, 'Sweden', 10006, 'Sweden', 20022, 'Norway', 'Sweden', 9814722, 2222609, 1682345, '2020-07-07 05:01:14', 'XAUK-ZHP5-1AFH'),
(40221, 30470, 'Sweden', 10037, 'Sweden', 20019, 'Finland', 'Sweden', 5302585, 6892103, 2431585, '2020-03-21 10:09:33', 'QJLR-S6EF-0XLX'),
(40222, 30333, 'Sweden', 10045, 'Finland', 20048, 'Sweden', 'Finland', 8263835, 9457369, 6850075, '2020-06-18 15:43:48', 'U2XA-86D4-5K8R'),
(40223, 30322, 'Sweden', 10025, 'Norway', 20017, 'Finland', 'Norway', 9176982, 8148860, 4373640, '2020-06-26 13:47:38', '1I13-EZ7M-KYUN'),
(40224, 30179, 'Sweden', 10042, 'Sweden', 20007, 'Sweden', 'Sweden', 2302769, 6628379, 5865028, '2020-12-04 06:53:16', 'KG9T-NBLT-C37J'),
(40225, 30325, 'Sweden', 10031, 'Sweden', 20013, 'Sweden', 'Sweden', 3038034, 9783685, 5449708, '2020-02-03 08:31:33', '3JXK-06P5-K9ZJ'),
(40226, 30427, 'Sweden', 10050, 'Finland', 20035, 'Sweden', 'Finland', 8645799, 9792020, 7051177, '2020-08-20 01:25:37', '5Q69-EO1H-MTB5'),
(40227, 30255, 'Sweden', 10001, 'Sweden', 20013, 'Sweden', 'Sweden', 8449622, 4106718, 1415851, '2020-11-09 17:55:59', 'WPQH-28FO-973Z'),
(40228, 30088, 'Sweden', 10012, 'Sweden', 20043, 'Sweden', 'Sweden', 9203060, 6683391, 2384516, '2020-06-25 01:57:19', '4QOH-OFJ3-X9XT'),
(40229, 30296, 'Norway', 10045, 'Finland', 20035, 'Sweden', 'Finland', 6564945, 6391499, 5962385, '2020-10-12 13:00:05', 'SGR8-R24B-LN0S'),
(40230, 30451, 'Norway', 10020, 'Norway', 20012, 'Norway', 'Norway', 5895588, 3283935, 1299731, '2020-01-22 07:18:50', '262C-F2GQ-Z07G'),
(40231, 30024, 'Sweden', 10007, 'Sweden', 20009, 'Sweden', 'Sweden', 3298155, 3871991, 2619286, '2020-05-09 15:55:15', 'LYY8-3NW2-E78Y'),
(40232, 30368, 'Sweden', 10039, 'Sweden', 20035, 'Sweden', 'Sweden', 8947154, 7683114, 6280312, '2020-03-02 11:57:23', '2I1C-2STP-QPR9'),
(40233, 30022, 'Finland', 10024, 'Sweden', 20048, 'Sweden', 'Sweden', 4076177, 8267895, 3391124, '2020-02-03 20:04:01', 'YR6G-45B5-7N0H'),
(40234, 30478, 'Sweden', 10024, 'Sweden', 20031, 'Sweden', 'Sweden', 5791363, 5838077, 8671991, '2020-06-25 14:38:18', 'TKR5-Z2Y2-GFGR'),
(40235, 30338, 'Sweden', 10026, 'Sweden', 20031, 'Sweden', 'Sweden', 5867212, 9443860, 5263540, '2020-03-09 10:47:21', '4QYB-K4FX-GR0I'),
(40236, 30245, 'Sweden', 10041, 'Norway', 20021, 'Sweden', 'Norway', 8977621, 2429251, 1637149, '2020-02-20 21:48:35', 'PBM8-5MRV-RAVJ'),
(40237, 30427, 'Sweden', 10017, 'Sweden', 20020, 'Sweden', 'Sweden', 6646322, 2721423, 1031792, '2020-10-07 06:57:31', '0N3P-F8Y1-OCAN'),
(40238, 30028, 'Finland', 10040, 'Finland', 20021, 'Sweden', 'Finland', 4234312, 2971008, 3345569, '2020-04-15 03:01:36', 'X56X-DNI6-A50E'),
(40239, 30330, 'Sweden', 10020, 'Norway', 20044, 'Sweden', 'Norway', 9440464, 8888327, 9106016, '2020-11-17 20:33:52', 'HTLI-J28C-I3BQ'),
(40240, 30350, 'Sweden', 10048, 'Sweden', 20042, 'Sweden', 'Sweden', 5865308, 8520821, 3483610, '2019-12-12 14:04:42', 'AW6G-NRF5-OLE8'),
(40241, 30294, 'Sweden', 10044, 'Sweden', 20009, 'Sweden', 'Sweden', 2232068, 4109223, 9389535, '2020-08-03 18:18:00', 'MAJ1-J2XZ-DQ3W'),
(40242, 30437, 'Sweden', 10002, 'Sweden', 20032, 'Finland', 'Sweden', 4476078, 3715023, 5476664, '2020-05-26 08:28:48', 'MNW1-3LMY-IRH0'),
(40243, 30321, 'Sweden', 10021, 'Sweden', 20047, 'Sweden', 'Sweden', 8660439, 2951391, 5582163, '2020-09-07 23:24:25', 'IX7M-8I00-VOJ0'),
(40244, 30141, 'Sweden', 10012, 'Sweden', 20012, 'Norway', 'Sweden', 8709514, 8324750, 9692793, '2020-02-23 10:11:19', 'VSCW-WP7I-6YZ1'),
(40245, 30333, 'Sweden', 10031, 'Sweden', 20031, 'Sweden', 'Sweden', 7136351, 4155799, 8744637, '2020-02-01 17:39:25', 'OHU2-SXW2-S5Y2'),
(40246, 30072, 'Sweden', 10032, 'Finland', 20031, 'Sweden', 'Finland', 1712369, 6950102, 3569229, '2020-04-16 05:25:27', 'XPG5-BNTG-LY01'),
(40247, 30220, 'Sweden', 10045, 'Finland', 20041, 'Sweden', 'Finland', 1232705, 8633074, 2156639, '2020-03-29 16:13:51', 'OZH0-0GV5-03YJ'),
(40248, 30489, 'Sweden', 10039, 'Sweden', 20041, 'Sweden', 'Sweden', 6189608, 5825618, 6972196, '2020-09-17 14:56:57', 'FGV9-Y8L8-QOYC'),
(40249, 30390, 'Norway', 10045, 'Finland', 20014, 'Sweden', 'Finland', 1407628, 9921356, 5846003, '2020-01-22 00:28:57', '25GP-8PQV-HAQY'),
(40250, 30061, 'Sweden', 10011, 'Finland', 20026, 'Sweden', 'Finland', 1912729, 4806725, 4891384, '2020-04-29 09:20:59', 'OK3F-BZ4A-13AV'),
(40251, 30015, 'Sweden', 10021, 'Sweden', 20001, 'Sweden', 'Sweden', 3898580, 8100484, 2101383, '2020-11-19 19:26:07', '80C5-DU30-K7ZG'),
(40252, 30286, 'Sweden', 10016, 'Sweden', 20035, 'Sweden', 'Sweden', 6202317, 9375968, 9513939, '2020-07-06 03:20:31', '3GXA-SATD-ROTB'),
(40253, 30419, 'Finland', 10042, 'Sweden', 20050, 'Sweden', 'Sweden', 9195460, 6589634, 3939961, '2020-05-22 13:10:45', '3D8H-U0MX-90PW'),
(40254, 30228, 'Norway', 10014, 'Sweden', 20001, 'Sweden', 'Sweden', 5901920, 7315910, 9628540, '2020-06-09 17:07:38', 'UWJC-QVOU-8Q93'),
(40255, 30139, 'Sweden', 10017, 'Sweden', 20035, 'Sweden', 'Sweden', 6196544, 1696631, 6548410, '2020-11-02 18:28:53', 'WM3C-YLTD-KZ4I'),
(40256, 30434, 'Finland', 10007, 'Sweden', 20014, 'Sweden', 'Sweden', 7160510, 2573824, 5922880, '2020-04-24 18:09:27', 'ZRDF-HASY-Q6YY'),
(40257, 30438, 'Sweden', 10038, 'Finland', 20049, 'Sweden', 'Finland', 6944323, 1270038, 6859920, '2020-06-13 04:51:09', 'V6VN-4Z2X-GCTG'),
(40258, 30061, 'Sweden', 10043, 'Sweden', 20025, 'Norway', 'Sweden', 4256058, 1144045, 6309972, '2020-05-11 04:07:24', 'WCW2-VDGN-IYJ1'),
(40259, 30211, 'Sweden', 10047, 'Sweden', 20042, 'Sweden', 'Sweden', 7747992, 7131583, 3369918, '2020-04-23 16:22:04', 'G6BG-AAC9-932P'),
(40260, 30466, 'Sweden', 10046, 'Sweden', 20019, 'Finland', 'Sweden', 5863102, 7131911, 3924900, '2020-11-10 00:06:17', 'MENL-ELJQ-EWEB'),
(40261, 30089, 'Sweden', 10037, 'Sweden', 20045, 'Sweden', 'Sweden', 1157714, 5300667, 6616142, '2020-08-03 10:44:17', 'M3F6-ZL03-EEDQ'),
(40262, 30280, 'Sweden', 10008, 'Sweden', 20008, 'Sweden', 'Sweden', 9892005, 8647792, 3028214, '2020-03-02 00:27:06', 'P6PW-FUGC-HC03'),
(40263, 30277, 'Finland', 10009, 'Sweden', 20013, 'Sweden', 'Sweden', 1671472, 8920801, 8235912, '2020-09-29 17:17:00', 'KDLT-RC2B-QSHQ'),
(40264, 30319, 'Sweden', 10026, 'Sweden', 20034, 'Sweden', 'Sweden', 1367199, 3020713, 3042099, '2020-10-02 16:28:46', 'NVFR-0HFM-S7A1'),
(40265, 30029, 'Sweden', 10050, 'Finland', 20034, 'Sweden', 'Finland', 7841185, 2703309, 3329938, '2020-06-27 08:10:25', 'I30N-K687-26GI'),
(40266, 30102, 'Sweden', 10018, 'Sweden', 20024, 'Sweden', 'Sweden', 4321131, 5774018, 5359452, '2020-06-17 06:29:05', 'ZXSJ-PS8X-N4D6'),
(40267, 30274, 'Sweden', 10045, 'Finland', 20021, 'Sweden', 'Finland', 4434080, 2881013, 5521299, '2020-09-11 13:45:31', 'LH1P-LO57-OMI7'),
(40268, 30235, 'Sweden', 10010, 'Sweden', 20013, 'Sweden', 'Sweden', 3207707, 5829065, 6193095, '2019-12-12 18:34:28', 'Q2ZR-OORN-S9K9'),
(40269, 30167, 'Sweden', 10027, 'Norway', 20001, 'Sweden', 'Norway', 6883681, 8314890, 6596632, '2020-05-06 05:37:04', 'MGNJ-WHI7-44Y3'),
(40270, 30156, 'Finland', 10002, 'Sweden', 20001, 'Sweden', 'Sweden', 5100351, 4683290, 7924933, '2020-05-06 00:53:35', 'LY1N-AS0V-GBZB'),
(40271, 30088, 'Sweden', 10028, 'Sweden', 20027, 'Sweden', 'Sweden', 1653989, 5348777, 2084551, '2019-12-11 22:45:02', 'C5TY-GHIS-SQ98'),
(40272, 30183, 'Sweden', 10010, 'Sweden', 20009, 'Sweden', 'Sweden', 7879724, 2489474, 9866843, '2020-06-11 02:04:24', 'OK48-HFPG-3GP5'),
(40273, 30457, 'Finland', 10002, 'Sweden', 20026, 'Sweden', 'Sweden', 4587879, 9488270, 3787343, '2020-08-10 17:36:24', 'QY6P-IIM2-F2US'),
(40274, 30328, 'Sweden', 10037, 'Sweden', 20006, 'Sweden', 'Sweden', 9745090, 1631588, 4737111, '2020-04-01 20:31:00', 'NFUT-YVT2-Q153'),
(40275, 30016, 'Norway', 10019, 'Sweden', 20018, 'Sweden', 'Sweden', 3345335, 1797676, 1230206, '2020-05-05 01:37:33', 'M8QE-CXAH-M0VA'),
(40276, 30386, 'Sweden', 10038, 'Finland', 20034, 'Sweden', 'Finland', 4665086, 4952476, 5961546, '2020-08-31 08:04:03', 'XUII-PN8Q-J717'),
(40277, 30250, 'Sweden', 10041, 'Norway', 20009, 'Sweden', 'Norway', 7158010, 8170644, 8333287, '2020-08-13 03:18:07', 'UQDG-M716-TAJY'),
(40278, 30308, 'Finland', 10024, 'Sweden', 20027, 'Sweden', 'Sweden', 5352127, 8018708, 4969893, '2020-08-28 03:24:54', 'KR84-DBNH-AXH6'),
(40279, 30470, 'Sweden', 10041, 'Norway', 20040, 'Finland', 'Norway', 1603841, 9339914, 7173491, '2020-02-14 10:12:47', 'OZZ8-C1J9-JVXN'),
(40280, 30214, 'Norway', 10029, 'Sweden', 20005, 'Sweden', 'Sweden', 5748342, 3101877, 3763838, '2020-10-23 21:33:11', 'JN70-EKX9-XZDT'),
(40281, 30373, 'Norway', 10050, 'Finland', 20005, 'Sweden', 'Finland', 4829005, 1699628, 1381047, '2020-03-21 09:52:50', 'CDK3-DA1X-2CEY'),
(40282, 30440, 'Finland', 10043, 'Sweden', 20018, 'Sweden', 'Sweden', 4171115, 7054786, 1673022, '2020-02-24 00:19:59', '7QNH-R096-Q5RD'),
(40283, 30181, 'Finland', 10043, 'Sweden', 20025, 'Norway', 'Sweden', 5870893, 8805864, 6235382, '2020-10-21 13:42:21', 'WFI5-Q3UZ-KB8Q'),
(40284, 30317, 'Sweden', 10015, 'Norway', 20010, 'Sweden', 'Norway', 8907669, 8626521, 2682134, '2020-10-08 20:52:05', 'WRJD-CALW-KG2Q'),
(40285, 30190, 'Sweden', 10012, 'Sweden', 20050, 'Sweden', 'Sweden', 7625492, 7621869, 3002351, '2020-05-31 16:51:35', 'JGXM-4GUV-KSCX'),
(40286, 30280, 'Sweden', 10004, 'Sweden', 20007, 'Sweden', 'Sweden', 4753861, 3534316, 5043702, '2020-05-11 11:48:26', 'OF06-J1J1-I3ZA'),
(40287, 30411, 'Sweden', 10006, 'Sweden', 20018, 'Sweden', 'Sweden', 3986407, 9491560, 7377148, '2020-04-06 12:12:02', 'HPFH-L6WB-KS6Q'),
(40288, 30197, 'Norway', 10022, 'Sweden', 20043, 'Sweden', 'Sweden', 4687480, 8358852, 5772910, '2020-11-11 12:22:35', '6GLQ-T5AY-F0IS'),
(40289, 30184, 'Finland', 10017, 'Sweden', 20003, 'Finland', 'Sweden', 2267390, 6591699, 1283537, '2020-06-05 20:04:16', 'HSZB-B6G5-YEAO'),
(40290, 30308, 'Finland', 10031, 'Sweden', 20039, 'Sweden', 'Sweden', 2416468, 2090103, 6344783, '2020-03-30 01:07:08', '45HZ-PY1U-F4P0'),
(40291, 30279, 'Finland', 10025, 'Norway', 20004, 'Sweden', 'Norway', 3259041, 4868263, 4955293, '2020-05-20 14:23:46', 'LQUM-BCUZ-DLNW'),
(40292, 30425, 'Sweden', 10043, 'Sweden', 20006, 'Sweden', 'Sweden', 5031829, 1152822, 7734371, '2019-12-11 13:23:42', '998U-9RE2-DDCT'),
(40293, 30410, 'Sweden', 10030, 'Norway', 20039, 'Sweden', 'Norway', 1010282, 5100052, 8167873, '2020-05-03 15:47:38', '8L3K-N22W-RVV7'),
(40294, 30022, 'Finland', 10040, 'Finland', 20016, 'Sweden', 'Finland', 1536963, 9036340, 5627399, '2020-06-15 17:22:35', 'JD5F-SNOH-WYMA'),
(40295, 30375, 'Finland', 10043, 'Sweden', 20008, 'Sweden', 'Sweden', 3856972, 7257743, 7831651, '2020-07-24 23:31:45', 'HLQJ-15D4-MIT7'),
(40296, 30485, 'Sweden', 10050, 'Finland', 20018, 'Sweden', 'Finland', 4056138, 6914490, 6860581, '2020-11-20 05:23:49', '5MRZ-6U8Z-KH0H'),
(40297, 30157, 'Norway', 10008, 'Sweden', 20005, 'Sweden', 'Sweden', 5684514, 8134315, 7470243, '2020-05-15 01:34:23', 'K7LI-77DI-SUES'),
(40298, 30425, 'Sweden', 10031, 'Sweden', 20003, 'Finland', 'Sweden', 9488865, 8945981, 9166648, '2020-06-07 04:02:26', 'CA37-4BI8-SDHC'),
(40299, 30247, 'Sweden', 10008, 'Sweden', 20013, 'Sweden', 'Sweden', 1333483, 3365092, 3533915, '2020-05-20 15:39:46', 'NN14-ELTP-PFNH'),
(40300, 30310, 'Sweden', 10048, 'Sweden', 20049, 'Sweden', 'Sweden', 9817604, 4765290, 7495359, '2020-02-14 13:03:37', '0BIG-JCX3-XXB0'),
(40301, 30044, 'Sweden', 10050, 'Finland', 20014, 'Sweden', 'Finland', 8167351, 4064840, 5854254, '2020-09-27 11:34:52', 'OT1K-NHC2-WVGJ'),
(40302, 30285, 'Sweden', 10012, 'Sweden', 20018, 'Sweden', 'Sweden', 7530103, 6782309, 3508030, '2020-02-03 22:22:43', '52H3-7Q5Q-6IT5'),
(40303, 30112, 'Sweden', 10021, 'Sweden', 20001, 'Sweden', 'Sweden', 8002465, 4219186, 9268848, '2020-10-23 17:23:41', 'GD17-8B1W-LU4U'),
(40304, 30019, 'Sweden', 10001, 'Sweden', 20024, 'Sweden', 'Sweden', 1634609, 8887798, 9228877, '2020-01-27 11:50:39', 'OP34-YINK-FWHY'),
(40305, 30306, 'Sweden', 10028, 'Sweden', 20022, 'Norway', 'Sweden', 9326230, 1689181, 3162521, '2020-10-30 06:38:49', 'KFOJ-RGAH-R1G1'),
(40306, 30422, 'Finland', 10043, 'Sweden', 20028, 'Sweden', 'Sweden', 9492317, 8216253, 9840508, '2020-05-16 23:55:31', '4N5P-UVPQ-L49Z'),
(40307, 30015, 'Sweden', 10003, 'Sweden', 20037, 'Sweden', 'Sweden', 5165267, 1272277, 5630331, '2020-10-29 10:14:49', 'X3VR-DQSH-A4FP'),
(40308, 30114, 'Sweden', 10001, 'Sweden', 20008, 'Sweden', 'Sweden', 3104328, 4337738, 6243104, '2020-09-11 15:51:26', 'B8J1-BEJW-39EQ'),
(40309, 30158, 'Sweden', 10040, 'Finland', 20018, 'Sweden', 'Finland', 4200289, 4249852, 3273726, '2020-02-17 20:09:22', 'L149-9QRT-DIA4'),
(40310, 30158, 'Sweden', 10030, 'Norway', 20047, 'Sweden', 'Norway', 3757705, 8163767, 2283204, '2020-05-12 12:08:51', 'W7ZP-0FHL-826V'),
(40311, 30065, 'Sweden', 10010, 'Sweden', 20016, 'Sweden', 'Sweden', 5254827, 3971237, 6620334, '2020-02-09 13:34:03', 'MCVE-IKUT-LHPH'),
(40312, 30362, 'Sweden', 10020, 'Norway', 20040, 'Finland', 'Norway', 2554125, 9667329, 6693393, '2020-11-23 15:30:19', 'KYYE-XJ7K-IBEB'),
(40313, 30075, 'Finland', 10046, 'Sweden', 20029, 'Finland', 'Sweden', 4581024, 9367224, 5913581, '2020-05-07 02:56:38', '64VG-AX0D-CWBS'),
(40314, 30316, 'Sweden', 10013, 'Norway', 20004, 'Sweden', 'Norway', 3552574, 6196207, 2573579, '2020-08-21 05:00:35', 'ONR0-TL7X-XX4S'),
(40315, 30379, 'Sweden', 10047, 'Sweden', 20039, 'Sweden', 'Sweden', 9805531, 2601277, 3849305, '2020-03-26 14:47:55', 'NVOZ-0UNB-NHE6'),
(40316, 30359, 'Sweden', 10001, 'Sweden', 20029, 'Finland', 'Sweden', 7641651, 2530379, 7016157, '2020-03-26 10:54:25', '22T4-V98C-7IJF'),
(40317, 30476, 'Sweden', 10044, 'Sweden', 20007, 'Sweden', 'Sweden', 8543187, 8030415, 2775085, '2020-10-08 15:15:39', 'USKG-F6CZ-HT5Q'),
(40318, 30306, 'Sweden', 10046, 'Sweden', 20007, 'Sweden', 'Sweden', 4918516, 8932942, 6868035, '2020-08-09 07:48:33', 'WMPN-LUOZ-U9II'),
(40319, 30319, 'Sweden', 10024, 'Sweden', 20018, 'Sweden', 'Sweden', 2600308, 5531037, 1666852, '2020-05-21 03:14:19', 'SDDF-2LTO-UHAU'),
(40320, 30479, 'Sweden', 10049, 'Finland', 20020, 'Sweden', 'Finland', 2846830, 7285440, 1393599, '2020-01-01 21:12:44', '9LKP-9W19-WDGE'),
(40321, 30244, 'Finland', 10032, 'Finland', 20009, 'Sweden', 'Finland', 9460358, 3221662, 1427272, '2020-01-24 03:49:03', 'ANWQ-8456-DXLG'),
(40322, 30098, 'Sweden', 10037, 'Sweden', 20027, 'Sweden', 'Sweden', 4044645, 5007752, 9602060, '2019-12-30 11:47:44', 'NY6A-2ZZA-BOGM'),
(40323, 30276, 'Norway', 10048, 'Sweden', 20028, 'Sweden', 'Sweden', 7570410, 7963211, 9565765, '2020-02-08 14:51:21', 'GZN7-ZQAN-IY7L'),
(40324, 30125, 'Sweden', 10021, 'Sweden', 20048, 'Sweden', 'Sweden', 4021377, 8970010, 9135205, '2020-02-16 11:08:39', 'FCGF-F5K6-VC7G'),
(40325, 30090, 'Sweden', 10031, 'Sweden', 20015, 'Finland', 'Sweden', 3359770, 4233071, 8182644, '2020-07-16 12:34:59', '3DC3-MYLW-OY8G'),
(40326, 30276, 'Norway', 10031, 'Sweden', 20024, 'Sweden', 'Sweden', 1751262, 8317364, 7027909, '2020-01-15 15:04:19', '1DO4-553J-FKGT'),
(40327, 30341, 'Norway', 10011, 'Finland', 20049, 'Sweden', 'Finland', 4419410, 2277849, 1113978, '2020-03-10 01:58:28', 'EI4L-7782-3YT5'),
(40328, 30357, 'Sweden', 10007, 'Sweden', 20028, 'Sweden', 'Sweden', 2568155, 3606457, 8780949, '2020-01-22 00:13:08', 'LBEP-5N3D-LKES'),
(40329, 30181, 'Finland', 10011, 'Finland', 20003, 'Finland', 'Finland', 2550562, 5357182, 1779405, '2020-10-28 16:04:10', 'D2MW-ADCW-Z8J2'),
(40330, 30384, 'Sweden', 10037, 'Sweden', 20024, 'Sweden', 'Sweden', 5890455, 4547300, 1557147, '2020-02-27 17:20:51', 'ASVJ-VMOH-LF9R'),
(40331, 30279, 'Finland', 10047, 'Sweden', 20035, 'Sweden', 'Sweden', 8425233, 9897770, 8994752, '2020-09-10 05:18:34', 'CC89-L2D8-05PU'),
(40332, 30181, 'Finland', 10041, 'Norway', 20011, 'Finland', 'Norway', 5417893, 6889907, 4098876, '2020-10-05 03:40:39', '5WI4-HVL8-E3YQ'),
(40333, 30391, 'Sweden', 10044, 'Sweden', 20044, 'Sweden', 'Sweden', 6816892, 7838223, 3998085, '2020-09-05 09:04:57', 'LL2Z-JL73-7304'),
(40334, 30089, 'Sweden', 10011, 'Finland', 20006, 'Sweden', 'Finland', 1062846, 1063268, 6418240, '2020-04-07 21:10:24', 'E5P7-FTJ8-6YQW'),
(40335, 30227, 'Finland', 10049, 'Finland', 20036, 'Sweden', 'Finland', 9074033, 7926473, 7262470, '2020-10-20 21:43:44', '6R9P-5NMI-D9VW'),
(40336, 30068, 'Sweden', 10031, 'Sweden', 20040, 'Finland', 'Sweden', 8711923, 6938826, 8460117, '2020-02-21 11:18:59', 'K7TK-94BT-R6GX'),
(40337, 30358, 'Finland', 10046, 'Sweden', 20035, 'Sweden', 'Sweden', 8190959, 4723202, 3754631, '2020-07-11 21:16:12', 'M1BQ-MX55-C7C3'),
(40338, 30242, 'Sweden', 10043, 'Sweden', 20013, 'Sweden', 'Sweden', 2537227, 2062225, 1273438, '2020-03-21 12:38:44', 'TKIK-5MGI-PUWS'),
(40339, 30285, 'Sweden', 10034, 'Sweden', 20017, 'Finland', 'Sweden', 4467607, 7800576, 4484539, '2020-08-18 01:24:55', 'MTYH-HQ5J-43ZV'),
(40340, 30408, 'Finland', 10033, 'Sweden', 20027, 'Sweden', 'Sweden', 5882662, 7623510, 3740763, '2020-04-28 05:30:28', 'JXRE-UOL8-YKI4'),
(40341, 30360, 'Sweden', 10038, 'Finland', 20004, 'Sweden', 'Finland', 9212901, 9371055, 8375371, '2020-08-03 10:17:59', 'NAQ6-B1QA-31ZW'),
(40342, 30373, 'Norway', 10016, 'Sweden', 20036, 'Sweden', 'Sweden', 5876882, 8057661, 5691898, '2020-08-20 14:47:49', 'FUDP-ADSO-Y3J6'),
(40343, 30160, 'Sweden', 10037, 'Sweden', 20034, 'Sweden', 'Sweden', 7046281, 9345439, 6075250, '2020-10-24 23:50:28', '8QBO-GW5L-QZX7'),
(40344, 30367, 'Sweden', 10036, 'Sweden', 20033, 'Finland', 'Sweden', 4119473, 8470000, 6270577, '2020-05-26 00:58:30', '1CBN-FW8D-XR1L'),
(40345, 30365, 'Sweden', 10006, 'Sweden', 20030, 'Finland', 'Sweden', 7141960, 1720790, 1457268, '2020-03-09 15:44:58', 'RNDK-738V-MXZY'),
(40346, 30269, 'Sweden', 10015, 'Norway', 20006, 'Sweden', 'Norway', 8930936, 2777224, 5350091, '2020-07-10 13:19:35', 'HGYS-NCII-LL7K'),
(40347, 30360, 'Sweden', 10004, 'Sweden', 20023, 'Sweden', 'Sweden', 8191919, 2207254, 6001563, '2020-01-19 06:57:24', '3Y9L-NCYV-YZXN'),
(40348, 30419, 'Finland', 10043, 'Sweden', 20033, 'Finland', 'Sweden', 8091071, 7072580, 3234696, '2020-05-17 06:42:31', '15FR-5DJL-N0KW'),
(40349, 30495, 'Sweden', 10042, 'Sweden', 20024, 'Sweden', 'Sweden', 8950597, 2637509, 1119231, '2020-07-15 08:43:06', 'M15K-HN9Z-5PDI'),
(40350, 30207, 'Norway', 10018, 'Sweden', 20028, 'Sweden', 'Sweden', 6697820, 9548902, 5007260, '2020-03-28 11:23:28', 'DA9Z-H3GH-Y01K'),
(40351, 30091, 'Finland', 10042, 'Sweden', 20020, 'Sweden', 'Sweden', 4687634, 2463542, 2276012, '2020-03-04 07:43:52', 'OB9E-0M3V-YBXC'),
(40352, 30431, 'Sweden', 10039, 'Sweden', 20032, 'Finland', 'Sweden', 2822784, 5800537, 3100086, '2020-08-18 08:30:20', 'J8PF-FJFM-0XBY'),
(40353, 30317, 'Sweden', 10038, 'Finland', 20029, 'Finland', 'Finland', 9131388, 4567450, 6662217, '2020-06-06 23:52:07', 'AO3F-MAGW-ZL7Z'),
(40354, 30178, 'Sweden', 10029, 'Sweden', 20027, 'Sweden', 'Sweden', 8585076, 7213822, 8463689, '2020-09-02 18:17:18', '9430-KL05-NNIB'),
(40355, 30024, 'Sweden', 10049, 'Finland', 20043, 'Sweden', 'Finland', 6051742, 9935965, 9069300, '2020-10-28 22:51:53', '4FZO-1HNQ-C0AV'),
(40356, 30438, 'Sweden', 10024, 'Sweden', 20032, 'Finland', 'Sweden', 5500362, 9213264, 2359823, '2020-10-08 00:23:05', '0YYI-TBFA-TS4D'),
(40357, 30467, 'Sweden', 10027, 'Norway', 20035, 'Sweden', 'Norway', 7043836, 6564863, 7968747, '2020-11-12 04:40:58', 'QDK4-6MJ7-6OKO'),
(40358, 30141, 'Sweden', 10048, 'Sweden', 20045, 'Sweden', 'Sweden', 6307101, 3951548, 8494369, '2020-10-07 01:09:52', '85V5-C4QM-T8YA'),
(40359, 30049, 'Sweden', 10017, 'Sweden', 20020, 'Sweden', 'Sweden', 8541687, 2760458, 2453502, '2020-06-26 15:39:01', 'O5JF-HBMG-L27N'),
(40360, 30476, 'Sweden', 10013, 'Norway', 20039, 'Sweden', 'Norway', 2307694, 5603605, 4965574, '2020-10-14 13:26:25', '9B0C-W1N2-SULY'),
(40361, 30025, 'Sweden', 10050, 'Finland', 20013, 'Sweden', 'Finland', 1954868, 2485529, 7980296, '2020-05-22 01:13:47', 'N3DE-9609-2VZH'),
(40362, 30344, 'Sweden', 10038, 'Finland', 20017, 'Finland', 'Finland', 7551183, 5967160, 8698976, '2020-06-12 22:39:34', 'MMX1-NKAX-IOP5'),
(40363, 30492, 'Sweden', 10022, 'Sweden', 20047, 'Sweden', 'Sweden', 8298335, 6806644, 8441315, '2020-04-05 17:32:36', 'KPOQ-1HT3-91Q9'),
(40364, 30253, 'Sweden', 10007, 'Sweden', 20043, 'Sweden', 'Sweden', 9575415, 6421596, 9910255, '2020-01-25 00:30:36', '2N8Q-Y4XU-H91C'),
(40365, 30458, 'Finland', 10034, 'Sweden', 20038, 'Sweden', 'Sweden', 2254230, 2105598, 3024344, '2020-04-23 09:15:48', '4BNV-1MSM-H0I2'),
(40366, 30067, 'Sweden', 10045, 'Finland', 20045, 'Sweden', 'Finland', 3000369, 3507063, 2533122, '2019-12-21 14:18:34', 'L8J5-9RD3-4NLM'),
(40367, 30329, 'Sweden', 10005, 'Norway', 20013, 'Sweden', 'Norway', 4737238, 4949909, 2240387, '2020-01-08 18:44:45', 'Y6M5-CTNV-2FMF'),
(40368, 30146, 'Sweden', 10030, 'Norway', 20019, 'Finland', 'Norway', 1311872, 2984374, 3290206, '2020-10-20 12:54:10', '120O-9VTF-3MQ3'),
(40369, 30112, 'Sweden', 10025, 'Norway', 20025, 'Norway', 'Norway', 8281474, 5946218, 3330033, '2020-09-30 04:53:09', 'NB8N-3ZL3-5CTL'),
(40370, 30085, 'Sweden', 10049, 'Finland', 20025, 'Norway', 'Finland', 1826301, 5170481, 7298120, '2020-05-31 23:30:23', 'YNNP-T3YF-MMRA'),
(40371, 30203, 'Sweden', 10019, 'Sweden', 20048, 'Sweden', 'Sweden', 9015545, 2192752, 4912526, '2020-03-30 03:58:12', '1NKK-48ST-MB5F'),
(40372, 30146, 'Sweden', 10004, 'Sweden', 20023, 'Sweden', 'Sweden', 5377345, 4312383, 6834637, '2020-08-29 04:52:55', 'X2Z2-LSL6-6XAE'),
(40373, 30474, 'Sweden', 10019, 'Sweden', 20014, 'Sweden', 'Sweden', 6581414, 7606083, 9589323, '2020-07-24 00:47:38', 'IU4I-LETC-KWVN'),
(40374, 30459, 'Sweden', 10036, 'Sweden', 20038, 'Sweden', 'Sweden', 8564500, 8531961, 1076800, '2020-11-26 22:27:12', 'QN33-58OW-WIHU'),
(40375, 30041, 'Sweden', 10003, 'Sweden', 20047, 'Sweden', 'Sweden', 6298576, 2492727, 6830074, '2020-07-30 14:54:27', 'TXR3-4WUX-1CCA'),
(40376, 30373, 'Norway', 10046, 'Sweden', 20006, 'Sweden', 'Sweden', 9050769, 2818488, 1141074, '2020-06-24 19:29:42', '9LLL-ROFW-HEGP'),
(40377, 30461, 'Sweden', 10023, 'Sweden', 20014, 'Sweden', 'Sweden', 2393215, 9777608, 1066901, '2020-06-08 09:04:13', '39MY-X1V3-UR5D'),
(40378, 30469, 'Sweden', 10001, 'Sweden', 20045, 'Sweden', 'Sweden', 7697133, 2865258, 3647530, '2020-06-29 20:40:28', 'FSXA-1WC9-XCTK'),
(40379, 30065, 'Sweden', 10023, 'Sweden', 20012, 'Norway', 'Sweden', 1523696, 1710945, 6469489, '2020-11-17 02:00:21', '6185-GKNB-CLE5'),
(40380, 30088, 'Sweden', 10032, 'Finland', 20048, 'Sweden', 'Finland', 9456182, 2875359, 4584840, '2020-01-25 09:59:28', 'VIN1-92NX-45WG'),
(40381, 30029, 'Sweden', 10007, 'Sweden', 20029, 'Finland', 'Sweden', 5037446, 9228405, 7709083, '2020-08-07 22:52:39', 'JYOG-FA43-OV9W'),
(40382, 30454, 'Sweden', 10044, 'Sweden', 20030, 'Finland', 'Sweden', 1950283, 5040698, 2569695, '2020-04-09 19:39:59', 'I7NH-NOCL-9FDO'),
(40383, 30342, 'Norway', 10019, 'Sweden', 20031, 'Sweden', 'Sweden', 7202352, 9808923, 7139262, '2020-04-04 04:52:58', 'C5RQ-IBYD-E7KR'),
(40384, 30039, 'Sweden', 10026, 'Sweden', 20043, 'Sweden', 'Sweden', 6804939, 8523334, 1902284, '2020-11-01 23:44:12', 'AZ5I-T067-LB2E'),
(40385, 30440, 'Finland', 10027, 'Norway', 20037, 'Sweden', 'Norway', 2166421, 5005249, 9017673, '2020-11-09 05:15:54', '6J2Q-2PDN-YK0I'),
(40386, 30308, 'Finland', 10039, 'Sweden', 20008, 'Sweden', 'Sweden', 4945232, 1065577, 2553770, '2020-03-14 12:43:14', 'OFKI-JQUE-CX0D'),
(40387, 30414, 'Sweden', 10031, 'Sweden', 20017, 'Finland', 'Sweden', 1933242, 9871804, 3501844, '2020-06-16 07:12:53', 'STJS-4MUR-DC73'),
(40388, 30011, 'Sweden', 10032, 'Finland', 20048, 'Sweden', 'Finland', 4239058, 8410698, 6584130, '2020-02-22 17:22:49', 'VZJ6-C0DM-K0FM'),
(40389, 30375, 'Finland', 10008, 'Sweden', 20045, 'Sweden', 'Sweden', 2378109, 6064329, 6586473, '2020-10-07 08:45:14', '4IF7-PWIE-FTWK'),
(40390, 30404, 'Sweden', 10038, 'Finland', 20024, 'Sweden', 'Finland', 2625290, 3521459, 9834911, '2020-01-07 02:55:17', 'R5U0-1H4Q-VE92'),
(40391, 30212, 'Sweden', 10001, 'Sweden', 20030, 'Finland', 'Sweden', 5157476, 4246216, 6998768, '2020-01-31 06:02:52', 'EI49-09FF-5TPR'),
(40392, 30232, 'Finland', 10041, 'Norway', 20007, 'Sweden', 'Norway', 7689613, 4126314, 4409791, '2020-08-02 16:16:06', 'QF1I-Q5A5-7LN5'),
(40393, 30456, 'Sweden', 10028, 'Sweden', 20031, 'Sweden', 'Sweden', 8594712, 7844956, 9785707, '2020-03-10 04:50:06', 'IP3X-HDNV-1V4J'),
(40394, 30168, 'Sweden', 10009, 'Sweden', 20046, 'Sweden', 'Sweden', 1137873, 8349469, 1524655, '2020-02-12 22:02:33', '7U0Q-56XX-JHZ4'),
(40395, 30105, 'Sweden', 10045, 'Finland', 20033, 'Finland', 'Finland', 3774914, 6542456, 8954998, '2020-08-24 06:23:57', 'VVQM-ZWI9-ZTHG'),
(40396, 30301, 'Sweden', 10043, 'Sweden', 20006, 'Sweden', 'Sweden', 4992723, 4646418, 1815940, '2019-12-16 00:35:22', 'TO2T-KPNN-RLRO'),
(40397, 30044, 'Sweden', 10023, 'Sweden', 20040, 'Finland', 'Sweden', 9161798, 4102530, 8718892, '2020-02-29 23:33:26', 'S4QH-EJZB-YZZV'),
(40398, 30218, 'Sweden', 10044, 'Sweden', 20032, 'Finland', 'Sweden', 2990564, 8884910, 1324095, '2020-07-14 03:45:45', '0JYO-GKUD-MNE1'),
(40399, 30123, 'Sweden', 10001, 'Sweden', 20012, 'Norway', 'Sweden', 4178926, 6446363, 3053538, '2020-04-02 06:09:35', 'S4MP-6K05-CEWI'),
(40400, 30110, 'Sweden', 10027, 'Norway', 20003, 'Finland', 'Norway', 7917628, 9219119, 1361839, '2020-04-30 08:56:15', '3MHK-N13X-NJIJ'),
(40401, 30053, 'Finland', 10001, 'Sweden', 20030, 'Finland', 'Sweden', 3347563, 8691869, 9344829, '2020-05-18 18:33:28', 'QEIQ-D94D-7ZCR'),
(40402, 30142, 'Sweden', 10035, 'Norway', 20011, 'Finland', 'Norway', 3055642, 9135546, 2940001, '2020-09-14 21:06:40', '5788-4NFF-0S67'),
(40403, 30245, 'Sweden', 10026, 'Sweden', 20028, 'Sweden', 'Sweden', 3645629, 5187913, 9143311, '2020-05-21 01:42:06', 'QEUQ-FMDP-G7CI'),
(40404, 30201, 'Sweden', 10046, 'Sweden', 20017, 'Finland', 'Sweden', 5242535, 9850529, 2026116, '2020-01-31 12:34:12', '0QN4-P2YU-ZIXW'),
(40405, 30416, 'Finland', 10036, 'Sweden', 20021, 'Sweden', 'Sweden', 1536615, 7040530, 1052352, '2020-02-11 18:49:21', 'MAI2-9O5O-6MZE'),
(40406, 30360, 'Sweden', 10048, 'Sweden', 20041, 'Sweden', 'Sweden', 7167984, 6738456, 5647237, '2020-06-10 11:42:06', 'TJMR-3GQ2-YQ8N'),
(40407, 30397, 'Sweden', 10038, 'Finland', 20020, 'Sweden', 'Finland', 9994081, 8164484, 9477602, '2020-09-22 22:32:29', 'AJ95-5TMA-EFIZ'),
(40408, 30109, 'Sweden', 10010, 'Sweden', 20021, 'Sweden', 'Sweden', 5987191, 4862937, 9285177, '2020-02-20 08:37:31', 'VO0E-9WMJ-VK3I'),
(40409, 30005, 'Finland', 10002, 'Sweden', 20030, 'Finland', 'Sweden', 4538351, 6875751, 6488568, '2020-10-16 03:49:07', 'NF7Z-ZAKU-29XF'),
(40410, 30038, 'Finland', 10029, 'Sweden', 20020, 'Sweden', 'Sweden', 3994836, 9207121, 4312824, '2020-10-23 21:55:48', 'ZSUE-IGBW-XEH8'),
(40411, 30110, 'Sweden', 10007, 'Sweden', 20005, 'Sweden', 'Sweden', 8912639, 7414076, 3398497, '2020-08-07 15:00:01', '2582-YWON-MYV7'),
(40412, 30139, 'Sweden', 10006, 'Sweden', 20001, 'Sweden', 'Sweden', 8095819, 4306300, 1836457, '2020-11-19 21:40:52', 'FBPX-M3XI-5022'),
(40413, 30444, 'Sweden', 10037, 'Sweden', 20011, 'Finland', 'Sweden', 9320157, 9515852, 7848307, '2020-09-24 03:25:25', 'D9EU-CSYX-IQYG'),
(40414, 30203, 'Sweden', 10005, 'Norway', 20028, 'Sweden', 'Norway', 1255658, 4246241, 3091485, '2020-10-02 01:29:01', 'YCX8-3PAL-ADZ1'),
(40415, 30147, 'Finland', 10001, 'Sweden', 20008, 'Sweden', 'Sweden', 4146581, 3664290, 2672860, '2020-04-24 15:04:22', 'UK39-GRU8-M7UU'),
(40416, 30159, 'Sweden', 10007, 'Sweden', 20030, 'Finland', 'Sweden', 2159035, 5627159, 2425187, '2020-02-29 19:48:52', 'PEOZ-0GWV-HAFX'),
(40417, 30272, 'Sweden', 10024, 'Sweden', 20032, 'Finland', 'Sweden', 7763378, 3338160, 8671500, '2020-02-08 17:49:15', 'BXUW-2UOG-YMUZ'),
(40418, 30163, 'Sweden', 10001, 'Sweden', 20013, 'Sweden', 'Sweden', 5510432, 8523200, 4561579, '2020-06-12 00:22:15', 'CBVZ-Z8A0-6VEI'),
(40419, 30473, 'Sweden', 10044, 'Sweden', 20015, 'Finland', 'Sweden', 9094896, 8528418, 3757508, '2020-09-19 20:48:50', '8QP9-308T-NGQC'),
(40420, 30411, 'Sweden', 10006, 'Sweden', 20028, 'Sweden', 'Sweden', 9355347, 6060521, 8207906, '2020-09-07 15:09:24', 'Q29R-M580-AL6X'),
(40421, 30203, 'Sweden', 10023, 'Sweden', 20007, 'Sweden', 'Sweden', 2403326, 4756765, 4455018, '2020-07-17 21:43:30', 'I5FB-T923-OFGE'),
(40422, 30476, 'Sweden', 10026, 'Sweden', 20033, 'Finland', 'Sweden', 5815496, 5243501, 7148755, '2020-02-13 07:42:51', 'IKXK-0PGQ-1MRD'),
(40423, 30038, 'Finland', 10004, 'Sweden', 20031, 'Sweden', 'Sweden', 2842137, 7143761, 5767062, '2019-12-27 08:45:38', 'ZOIN-BIX7-WAA6'),
(40424, 30256, 'Norway', 10029, 'Sweden', 20031, 'Sweden', 'Sweden', 3720720, 2304676, 2121992, '2020-05-25 15:39:56', 'Q9ZM-NMS6-PG6F'),
(40425, 30141, 'Sweden', 10012, 'Sweden', 20020, 'Sweden', 'Sweden', 4427401, 8902678, 7482678, '2020-01-01 21:13:27', 'WMI6-S4DD-1EY7'),
(40426, 30088, 'Sweden', 10025, 'Norway', 20045, 'Sweden', 'Norway', 2817240, 2491860, 2591043, '2020-01-08 05:55:34', 'WRY9-OBCT-AWJW'),
(40427, 30356, 'Norway', 10007, 'Sweden', 20002, 'Sweden', 'Sweden', 8062554, 3149644, 1037215, '2020-06-25 13:37:13', 'K3U9-3VQM-N4JG'),
(40428, 30186, 'Sweden', 10024, 'Sweden', 20016, 'Sweden', 'Sweden', 1212147, 5137079, 4558910, '2020-02-08 00:31:52', '6N4L-NKU9-UXBG'),
(40429, 30292, 'Sweden', 10013, 'Norway', 20048, 'Sweden', 'Norway', 8952912, 3586301, 9267384, '2020-05-13 14:51:58', 'K0YW-YXY6-LFIV'),
(40430, 30061, 'Sweden', 10050, 'Finland', 20031, 'Sweden', 'Finland', 4427942, 5851052, 5591780, '2020-10-23 12:25:49', 'YYYW-BRXE-KYJW'),
(40431, 30464, 'Sweden', 10042, 'Sweden', 20050, 'Sweden', 'Sweden', 2682596, 6158403, 5722549, '2020-06-17 09:47:21', '56DN-A2HR-CKRB'),
(40432, 30007, 'Finland', 10039, 'Sweden', 20034, 'Sweden', 'Sweden', 3874276, 4925600, 6983386, '2020-09-30 03:15:19', '8275-KOA7-O4ZW'),
(40433, 30033, 'Sweden', 10033, 'Sweden', 20014, 'Sweden', 'Sweden', 9153313, 8804458, 3899028, '2019-12-17 13:19:25', 'XQXR-EH35-PXJK'),
(40434, 30108, 'Sweden', 10009, 'Sweden', 20018, 'Sweden', 'Sweden', 9944947, 4115528, 9643369, '2020-02-11 16:36:07', '0IOJ-3065-K3Y7'),
(40435, 30070, 'Sweden', 10026, 'Sweden', 20022, 'Norway', 'Sweden', 5520629, 7708077, 9805068, '2020-05-23 06:38:47', 'MHJP-Y75Y-XLAB'),
(40436, 30126, 'Sweden', 10004, 'Sweden', 20044, 'Sweden', 'Sweden', 9285385, 5099023, 9510835, '2020-06-22 00:56:23', 'M7R4-E9ME-8XIZ'),
(40437, 30127, 'Sweden', 10044, 'Sweden', 20045, 'Sweden', 'Sweden', 7570753, 4847867, 7595038, '2020-01-14 08:24:01', 'J6W8-FGZC-RA2Q'),
(40438, 30223, 'Sweden', 10025, 'Norway', 20037, 'Sweden', 'Norway', 2761691, 4258945, 8239451, '2020-01-26 12:48:39', 'C44N-A5MW-Z9Y8'),
(40439, 30403, 'Finland', 10050, 'Finland', 20044, 'Sweden', 'Finland', 9705323, 5201709, 7069452, '2020-11-30 08:45:18', '199P-OUTF-6LQH'),
(40440, 30450, 'Norway', 10014, 'Sweden', 20028, 'Sweden', 'Sweden', 5368213, 4303354, 6506932, '2020-03-29 02:19:40', 'MDL6-WSB4-ZTG2'),
(40441, 30181, 'Finland', 10019, 'Sweden', 20031, 'Sweden', 'Sweden', 6634833, 8105297, 6727281, '2019-12-11 13:02:27', '1XZ6-KQJ7-794M'),
(40442, 30044, 'Sweden', 10047, 'Sweden', 20045, 'Sweden', 'Sweden', 9008389, 1090512, 1064756, '2020-07-09 06:37:12', 'WQ7H-A9QU-KRP9'),
(40443, 30170, 'Sweden', 10012, 'Sweden', 20037, 'Sweden', 'Sweden', 5862980, 4753170, 7441645, '2020-08-04 11:55:31', '9FNJ-QH1D-UJLL'),
(40444, 30377, 'Sweden', 10034, 'Sweden', 20043, 'Sweden', 'Sweden', 9003199, 4843848, 1842810, '2020-06-24 09:44:41', 'T4IM-ESPL-5J63'),
(40445, 30124, 'Sweden', 10044, 'Sweden', 20020, 'Sweden', 'Sweden', 8353317, 1741519, 1232721, '2020-12-04 00:09:01', 'A0XH-O9DC-L3JQ'),
(40446, 30149, 'Sweden', 10028, 'Sweden', 20019, 'Finland', 'Sweden', 3853899, 9886415, 1033395, '2020-03-17 22:52:18', 'UO01-RKZZ-YMY7'),
(40447, 30480, 'Sweden', 10014, 'Sweden', 20024, 'Sweden', 'Sweden', 3466366, 1581517, 2833608, '2020-03-16 02:59:41', 'C573-VRUJ-RO3V'),
(40448, 30345, 'Sweden', 10025, 'Norway', 20019, 'Finland', 'Norway', 7283423, 3711216, 8622192, '2020-02-29 16:52:48', '64GE-QVVH-2V7T'),
(40449, 30375, 'Finland', 10025, 'Norway', 20041, 'Sweden', 'Norway', 9895131, 8779807, 1691939, '2020-06-07 09:08:33', '5ESG-TMQ7-ELJZ'),
(40450, 30164, 'Sweden', 10024, 'Sweden', 20047, 'Sweden', 'Sweden', 9426545, 8211832, 7143965, '2020-08-20 06:18:05', 'IT1K-I5JV-YKO5'),
(40451, 30106, 'Sweden', 10005, 'Norway', 20022, 'Norway', 'Norway', 8089002, 8734198, 2479952, '2020-08-24 02:02:33', '0HTB-HF3C-EW3A'),
(40452, 30218, 'Sweden', 10003, 'Sweden', 20016, 'Sweden', 'Sweden', 9773150, 1347601, 3462468, '2020-05-19 09:43:43', 'UBXB-YZR9-Y3TG'),
(40453, 30239, 'Finland', 10045, 'Finland', 20035, 'Sweden', 'Finland', 8772063, 2225307, 4627685, '2020-11-03 11:06:37', 'VNXQ-REHT-8952'),
(40454, 30349, 'Sweden', 10018, 'Sweden', 20013, 'Sweden', 'Sweden', 8050429, 5597869, 5090443, '2020-09-17 09:20:08', 'W4P9-O5GX-VY9M'),
(40455, 30234, 'Norway', 10025, 'Norway', 20029, 'Finland', 'Norway', 4858348, 9385199, 8500641, '2020-07-06 12:48:46', 'G2AG-FADA-NPRD'),
(40456, 30122, 'Norway', 10049, 'Finland', 20009, 'Sweden', 'Finland', 2438580, 3704796, 3582273, '2020-12-05 18:02:49', '2NPX-WUNS-Q7WW'),
(40457, 30225, 'Sweden', 10037, 'Sweden', 20005, 'Sweden', 'Sweden', 6933770, 4372758, 1158922, '2020-01-17 11:54:19', 'S7BM-6L9C-NAZG'),
(40458, 30043, 'Norway', 10025, 'Norway', 20012, 'Norway', 'Norway', 2942393, 5439364, 8332312, '2020-01-15 22:31:49', '5958-PQX0-0OJ4'),
(40459, 30029, 'Sweden', 10006, 'Sweden', 20047, 'Sweden', 'Sweden', 8583324, 2095488, 8938166, '2020-07-30 02:29:28', 'E2U8-81HO-NGC8'),
(40460, 30466, 'Sweden', 10025, 'Norway', 20002, 'Sweden', 'Norway', 2355929, 1561241, 5974495, '2020-09-09 00:18:39', '8HC3-V8X9-3QCB'),
(40461, 30015, 'Sweden', 10009, 'Sweden', 20009, 'Sweden', 'Sweden', 1637918, 2571197, 7842103, '2020-08-25 04:08:15', 'G02F-8EGG-A0ZP'),
(40462, 30272, 'Sweden', 10033, 'Sweden', 20034, 'Sweden', 'Sweden', 4259184, 1195236, 4513132, '2020-11-17 12:42:39', 'I9US-OUOL-HZ6Q'),
(40463, 30454, 'Sweden', 10039, 'Sweden', 20037, 'Sweden', 'Sweden', 2964300, 6197454, 9101089, '2020-05-25 17:24:28', '3K81-CCQ3-PUU5'),
(40464, 30059, 'Sweden', 10023, 'Sweden', 20008, 'Sweden', 'Sweden', 7945678, 3483613, 6607072, '2020-10-13 20:16:01', 'KXQY-4DTK-CKWZ'),
(40465, 30084, 'Sweden', 10047, 'Sweden', 20003, 'Finland', 'Sweden', 3127827, 8173394, 3493159, '2020-02-27 21:39:42', 'OWSH-D166-8C7D'),
(40466, 30262, 'Sweden', 10032, 'Finland', 20036, 'Sweden', 'Finland', 3210679, 5933960, 1672222, '2020-07-25 14:08:31', 'QMLN-IX4V-QBWW'),
(40467, 30470, 'Sweden', 10018, 'Sweden', 20038, 'Sweden', 'Sweden', 9688968, 7370128, 9605776, '2020-04-20 07:05:33', '5WEY-1USI-5BR0'),
(40468, 30464, 'Sweden', 10016, 'Sweden', 20018, 'Sweden', 'Sweden', 9663710, 7772341, 6119727, '2020-06-06 11:50:39', 'RCA6-US40-ZSZV'),
(40469, 30457, 'Finland', 10032, 'Finland', 20037, 'Sweden', 'Finland', 2105227, 8069656, 1933032, '2020-12-07 12:15:20', '0RH9-Q0EF-K2JL'),
(40470, 30476, 'Sweden', 10030, 'Norway', 20020, 'Sweden', 'Norway', 2912502, 3701904, 2881524, '2020-06-18 13:02:35', 'CTS7-8240-74YW'),
(40471, 30413, 'Sweden', 10042, 'Sweden', 20031, 'Sweden', 'Sweden', 6201642, 6805438, 3148176, '2020-04-16 18:02:31', 'UVAR-J1ZD-ARH1'),
(40472, 30403, 'Finland', 10026, 'Sweden', 20045, 'Sweden', 'Sweden', 5849973, 4452916, 1235819, '2020-05-01 12:34:52', '38O9-WXDD-PBAH'),
(40473, 30391, 'Sweden', 10021, 'Sweden', 20017, 'Finland', 'Sweden', 9826661, 9229383, 7361995, '2019-12-21 16:16:36', 'TJZN-4UVW-S9PU'),
(40474, 30027, 'Sweden', 10049, 'Finland', 20026, 'Sweden', 'Finland', 2325674, 2738784, 5046501, '2020-02-23 00:31:45', '8OJO-GKML-GGN2'),
(40475, 30264, 'Sweden', 10030, 'Norway', 20013, 'Sweden', 'Norway', 5358037, 1055169, 5023839, '2020-03-09 22:26:40', '5KIG-VSRX-LMP1'),
(40476, 30068, 'Sweden', 10022, 'Sweden', 20012, 'Norway', 'Sweden', 5561399, 4519785, 5319624, '2020-10-17 16:09:49', 'FLJU-MJ5F-G4X0'),
(40477, 30008, 'Sweden', 10047, 'Sweden', 20001, 'Sweden', 'Sweden', 1193301, 2529361, 1822350, '2020-02-21 03:34:41', 'CUG5-AFD8-E14R'),
(40478, 30470, 'Sweden', 10023, 'Sweden', 20012, 'Norway', 'Sweden', 5721693, 8303949, 3875808, '2020-03-23 03:22:15', '9SEL-GNXB-C0M1'),
(40479, 30163, 'Sweden', 10035, 'Norway', 20049, 'Sweden', 'Norway', 7801902, 3061703, 4199522, '2020-07-07 09:27:43', '4DK5-7V5B-9JFC'),
(40480, 30217, 'Sweden', 10026, 'Sweden', 20031, 'Sweden', 'Sweden', 1181299, 1566753, 9686055, '2019-12-15 00:12:37', 'J96L-X9N2-PZN3'),
(40481, 30286, 'Sweden', 10030, 'Norway', 20005, 'Sweden', 'Norway', 9988552, 3783372, 1517888, '2020-01-13 16:50:06', 'H2UD-K0I6-M85X'),
(40482, 30148, 'Finland', 10012, 'Sweden', 20035, 'Sweden', 'Sweden', 6938997, 1753869, 1694192, '2020-07-01 17:08:26', 'VTCB-Z8XB-84EY'),
(40483, 30248, 'Sweden', 10046, 'Sweden', 20037, 'Sweden', 'Sweden', 6058656, 9265642, 5731192, '2020-02-16 22:19:25', 'VS70-ZCKK-128N'),
(40484, 30398, 'Sweden', 10049, 'Finland', 20021, 'Sweden', 'Finland', 5524169, 9398281, 6122385, '2020-02-23 12:27:33', '0DPU-1NE4-3EBR'),
(40485, 30475, 'Sweden', 10002, 'Sweden', 20032, 'Finland', 'Sweden', 6095138, 7017287, 1036623, '2020-05-25 08:08:16', 'DA3C-XV0R-S40B'),
(40486, 30326, 'Sweden', 10029, 'Sweden', 20035, 'Sweden', 'Sweden', 3810012, 1325821, 1648554, '2020-07-18 13:26:51', '1KPM-0YTA-AUR2'),
(40487, 30375, 'Finland', 10023, 'Sweden', 20022, 'Norway', 'Sweden', 4507560, 5970661, 1459359, '2020-11-10 12:21:59', 'AIEF-OY7H-XIJY'),
(40488, 30274, 'Sweden', 10003, 'Sweden', 20049, 'Sweden', 'Sweden', 6702223, 9964841, 1096843, '2020-09-15 06:53:43', 'D9C5-PUEK-9OD2'),
(40489, 30101, 'Norway', 10001, 'Sweden', 20040, 'Finland', 'Sweden', 9037514, 9104629, 9209582, '2020-08-23 10:31:07', 'LK3T-5UDS-HPTS'),
(40490, 30453, 'Finland', 10045, 'Finland', 20005, 'Sweden', 'Finland', 6177370, 4432289, 5607201, '2020-09-13 09:06:46', 'UBKX-XNQ5-7DUL'),
(40491, 30074, 'Finland', 10032, 'Finland', 20002, 'Sweden', 'Finland', 1537269, 2432024, 1558155, '2020-03-05 14:33:27', 'M65R-MVYO-GW3J'),
(40492, 30487, 'Sweden', 10041, 'Norway', 20035, 'Sweden', 'Norway', 3387361, 8093857, 2065258, '2020-05-05 16:47:11', 'OQKD-RZ6F-V7CX'),
(40493, 30258, 'Sweden', 10048, 'Sweden', 20035, 'Sweden', 'Sweden', 6919289, 7922333, 5941252, '2020-03-06 18:05:45', 'AKKA-HYEY-SKEJ'),
(40494, 30216, 'Norway', 10002, 'Sweden', 20020, 'Sweden', 'Sweden', 3930588, 6944201, 5591841, '2020-01-14 07:42:06', '0ZI2-EIQ4-XIRD'),
(40495, 30196, 'Norway', 10049, 'Finland', 20047, 'Sweden', 'Finland', 3963853, 8834744, 9712457, '2020-05-25 18:30:10', 'YBUO-F43Z-1GH3'),
(40496, 30321, 'Sweden', 10025, 'Norway', 20030, 'Finland', 'Norway', 8811625, 4178665, 1579473, '2020-10-23 22:35:57', 'XLMQ-1ZFJ-CT4O'),
(40497, 30292, 'Sweden', 10033, 'Sweden', 20039, 'Sweden', 'Sweden', 5187691, 9816466, 1227977, '2020-05-15 18:56:35', 'SRUH-YO8F-UZ8L'),
(40498, 30244, 'Finland', 10045, 'Finland', 20038, 'Sweden', 'Finland', 3922674, 1673972, 4164311, '2020-02-18 20:29:56', '7H1L-4G2X-W1T4'),
(40499, 30057, 'Sweden', 10025, 'Norway', 20033, 'Finland', 'Norway', 4355050, 8579045, 3700402, '2020-01-02 04:31:06', 'J044-9TGV-649Y'),
(40500, 30446, 'Sweden', 10010, 'Sweden', 20024, 'Sweden', 'Sweden', 3876900, 1058066, 3647081, '2020-10-13 04:16:32', '3L2Y-BQQR-TPX1'),
(0, 0, 'Finland', 0, 'Finland', 0, 'Finland', 'Finland', 1, 2, 3, NOW(), '1234567890123456');

INSERT INTO contracts (contract_id, optician_id, optician_country, opthalmologist_id, opthalmologist_country, contracts_country) VALUES
(50001, 10001, 'Sweden', 20035, 'Sweden', 'Sweden'),
(50002, 10002, 'Sweden', 20021, 'Sweden', 'Sweden'),
(50003, 10003, 'Sweden', 20042, 'Sweden', 'Sweden'),
(50004, 10004, 'Sweden', 20001, 'Sweden', 'Sweden'),
(50005, 10005, 'Norway', 20011, 'Finland', 'Norway'),
(50006, 10006, 'Sweden', 20011, 'Finland', 'Sweden'),
(50007, 10007, 'Sweden', 20002, 'Sweden', 'Sweden'),
(50008, 10008, 'Sweden', 20047, 'Sweden', 'Sweden'),
(50009, 10009, 'Sweden', 20032, 'Finland', 'Sweden'),
(50010, 10010, 'Sweden', 20030, 'Finland', 'Sweden'),
(50011, 10011, 'Finland', 20018, 'Sweden', 'Finland'),
(50012, 10012, 'Sweden', 20016, 'Sweden', 'Sweden'),
(50013, 10013, 'Norway', 20050, 'Sweden', 'Norway'),
(50014, 10014, 'Sweden', 20050, 'Sweden', 'Sweden'),
(50015, 10015, 'Norway', 20045, 'Sweden', 'Norway'),
(50016, 10016, 'Sweden', 20046, 'Sweden', 'Sweden'),
(50017, 10017, 'Sweden', 20039, 'Sweden', 'Sweden'),
(50018, 10018, 'Sweden', 20008, 'Sweden', 'Sweden'),
(50019, 10019, 'Sweden', 20022, 'Norway', 'Sweden'),
(50020, 10020, 'Norway', 20026, 'Sweden', 'Norway'),
(50021, 10021, 'Sweden', 20045, 'Sweden', 'Sweden'),
(50022, 10022, 'Sweden', 20003, 'Finland', 'Sweden'),
(50023, 10023, 'Sweden', 20042, 'Sweden', 'Sweden'),
(50024, 10024, 'Sweden', 20022, 'Norway', 'Sweden'),
(50025, 10025, 'Norway', 20012, 'Norway', 'Norway'),
(50026, 10026, 'Sweden', 20036, 'Sweden', 'Sweden'),
(50027, 10027, 'Norway', 20018, 'Sweden', 'Norway'),
(50028, 10028, 'Sweden', 20030, 'Finland', 'Sweden'),
(50029, 10029, 'Sweden', 20041, 'Sweden', 'Sweden'),
(50030, 10030, 'Norway', 20035, 'Sweden', 'Norway'),
(50031, 10031, 'Sweden', 20028, 'Sweden', 'Sweden'),
(50032, 10032, 'Finland', 20045, 'Sweden', 'Finland'),
(50033, 10033, 'Sweden', 20016, 'Sweden', 'Sweden'),
(50034, 10034, 'Sweden', 20018, 'Sweden', 'Sweden'),
(50035, 10035, 'Norway', 20024, 'Sweden', 'Norway'),
(50036, 10036, 'Sweden', 20034, 'Sweden', 'Sweden'),
(50037, 10037, 'Sweden', 20011, 'Finland', 'Sweden'),
(50038, 10038, 'Finland', 20032, 'Finland', 'Finland'),
(50039, 10039, 'Sweden', 20026, 'Sweden', 'Sweden'),
(50040, 10040, 'Finland', 20002, 'Sweden', 'Finland'),
(50041, 10041, 'Norway', 20023, 'Sweden', 'Norway'),
(50042, 10042, 'Sweden', 20038, 'Sweden', 'Sweden'),
(50043, 10043, 'Sweden', 20032, 'Finland', 'Sweden'),
(50044, 10044, 'Sweden', 20036, 'Sweden', 'Sweden'),
(50045, 10045, 'Finland', 20046, 'Sweden', 'Finland'),
(50046, 10046, 'Sweden', 20038, 'Sweden', 'Sweden'),
(50047, 10047, 'Sweden', 20021, 'Sweden', 'Sweden'),
(50048, 10048, 'Sweden', 20004, 'Sweden', 'Sweden'),
(50049, 10049, 'Finland', 20015, 'Finland', 'Finland'),
(50050, 10050, 'Finland', 20049, 'Sweden', 'Finland'),
(0, 0, 'Finland', 0, 'Finland', 'Finland');

INSERT INTO administrators (admin_id, access_level, email, password) VALUES
(60001, 'Administrator', 'gmerritt6@indiatimes.com', 'li9rMZmdc'),
(60002, 'Administrator', 'froos7@mediafire.com', 'h1R8wg6dhby'),
(60003, 'Administrator', 'lblareb@europa.eu', 'TmkPmJ'),
(60004, 'Administrator', 'cponcefordf@virginia.edu', 'xpcpyUUte'),
(60005, 'Administrator', 'cabbisonh@wufoo.com', 'E0XxnZ6DI'),
(60006, 'Administrator', 'wreasceo@ebay.com', 'BgArR3'),
(60007, 'Administrator', 'kravenshawt@bigcartel.com', 'PUbpsbcdgcLD'),
(60008, 'Administrator', 'sburbagev@psu.edu', 'yAEGhRIL'),
(60009, 'Administrator', 'jmalyonx@jugem.jp', 'swXUfMAU'),
(60010, 'Administrator', 'ahargeriez@uiuc.edu', 'CTJXtvcA'),
(60011, 'Administrator', 'rwoodroff10@cargocollective.com', 'EWjw7PB1Y'),
(60012, 'Administrator', 'bking11@google.ru', 'H7iSG9'),
(60013, 'Administrator', 'vgligorijevic1b@smh.com.au', '8DSwsy'),
(60014, 'Administrator', 'nverchambre1@blog.com', '2zvNv4'),
(60015, 'Administrator', 'larnoult2@over-blog.com', 'VTQZsq5lggj5'),
(60016, 'Administrator', 'cdufoure3@google.cn', 'SLHgph90'),
(60017, 'Administrator', 'tmcconnell4@vimeo.com', 'IOgJIcqr0HC5'),
(60018, 'Administrator', 'cburnsides6@unicef.org', '3zLQSJn'),
(60019, 'Administrator', 'rstolza@canalblog.com', 'J5IbyIZo9'),
(60020, 'Administrator', 'aoreheadc@list-manage.com', 'Z55n1VQU8'),
(60021, 'Administrator', 'jdayk@virginia.edu', 'nDlqU70fH'),
(60022, 'Administrator', 'rdelamarm@e-recht24.de', 'Y5VuP8'),
(60023, 'Administrator', 'arundalln@altervista.org', 'PLaGlc2MM'),
(60024, 'Administrator', 'pwipperp@edublogs.org', 'tJqEbiuLuRPD'),
(60025, 'Administrator', 'kboyleq@ezinearticles.com', 'pmQMNq4IgIiq'),
(60026, 'Administrator', 'wdannr@chron.com', 'u26iDrd5NEhk'),
(60027, 'Administrator', 'fpresswellw@sina.com.cn', 'j7G6Ff'),
(60028, 'Administrator', 'mcanteroy@studiopress.com', 'dXv3r9H'),
(60029, 'Administrator', 'tjansey13@umich.edu', 'jeIn1LM'),
(60030, 'Administrator', 'bairlie14@answers.com', 'p7qRrd28'),
(60031, 'Administrator', 'dhuggan18@army.mil', 'Pr8RgXq8a'),
(60032, 'Administrator', 'lgahan1a@cbc.ca', 'PdnX21Ak'),
(60033, 'Administrator', 'nmcgahern1b@1und1.de', 'OGGePJwT'),
(60034, 'Administrator', 'dsein1d@addthis.com', 'NUp223vW0vm4'),
(0, 'Administrator', 'admin@mail.com', 'admin1');

