40001,30307,,10029,,20013,,,6295407,1140929,7435766,2020-03-16 22:28:55,YCFB-I4TV-5CVQ,
40002,30340,,10003,,20012,,,7516048,8448326,8772627,2020-05-16 13:14:33,O0UO-LFUZ-DF9D,
40003,30288,,10026,,20031,,,1019417,8999872,3290099,2020-04-22 08:02:06,MS1O-271E-N5EC,
40004,30230,,10015,,20041,,,9491703,1775530,7297439,2020-11-23 05:54:33,JRIH-29VJ-NR06,
40005,30102,,10017,,20021,,,1997100,5650017,5950103,2020-09-13 16:05:34,UPJ4-32BX-UIC4,
40006,30033,,10050,,20017,,,9530613,7461384,1003862,2020-10-18 08:39:30,XF4Y-080M-ZC89,
40007,30398,,10048,,20025,,,1638505,1096326,8994762,2020-01-27 22:33:56,3YM5-41GN-DF9D,
40008,30321,,10017,,20021,,,6463629,7014748,6632421,2020-02-22 01:05:36,ZQL1-7D3R-FUC0,
40009,30053,,10021,,20041,,,3403529,5191491,7693506,2020-07-23 00:34:10,J2UM-14X1-6204,
40010,30440,,10045,,20026,,,9002856,1588893,5663373,2020-02-19 13:01:40,YWXN-QHN5-UFC9,
40011,30154,,10024,,20003,,,2192507,4479400,6243678,2020-04-22 16:38:07,SLOL-13AX-IYRX,
40012,30486,,10010,,20043,,,5702785,4360676,9044210,2020-07-30 23:36:48,JH9W-V0RA-11VK,
40013,30068,,10003,,20039,,,7274098,4286001,2879246,2020-07-08 08:36:49,5K40-ZFO1-WOAI,
40014,30456,,10027,,20049,,,8573125,9655969,3869627,2020-07-11 17:16:53,S4BK-NLQM-E1K8,
40015,30003,,10021,,20018,,,1148150,9336472,7265588,2020-10-03 17:29:55,A6CF-GTD2-L4Y6,
40016,30060,,10001,,20021,,,2640507,8635851,8568822,2020-09-11 20:03:42,8IOY-D70Z-TJLF,
40017,30409,,10011,,20046,,,9940818,4397839,6406872,2020-03-17 03:31:38,ELMZ-RI83-Y97T,
40018,30384,,10039,,20013,,,6304697,7442273,4585531,2019-12-24 14:26:12,ETVU-YI9V-MB1A,
40019,30098,,10042,,20037,,,4629687,1249822,6615320,2020-05-02 09:04:24,79FH-24NV-0BMF,
40020,30486,,10025,,20046,,,1675915,9688388,7688624,2020-04-09 10:06:45,E5IG-ZPVL-ATDV,
40021,30462,,10002,,20042,,,6092047,7076153,3502043,2020-10-10 11:58:20,O38S-OJDS-HUKP,
40022,30192,,10015,,20010,,,3755722,3813032,5269140,2019-12-31 04:59:21,FYNW-06OE-7Q9M,
40023,30178,,10047,,20034,,,1542679,5967327,7497027,2020-06-20 20:08:58,0J9L-ZEMZ-SG2Q,
40024,30110,,10001,,20014,,,4923106,3862096,3873584,2020-08-23 08:31:23,EYJ7-3JHZ-D6JC,
40025,30263,,10024,,20034,,,8114818,4483405,7369278,2020-06-06 19:45:04,FP8I-XNJG-ATEC,
40026,30290,,10039,,20036,,,4692354,1099731,3146264,2020-06-01 22:36:43,I1AJ-1FK9-ZBAE,
40027,30224,,10013,,20014,,,6627360,7306355,3802909,2020-06-06 15:48:37,EZG2-1L70-I5H2,
40028,30161,,10011,,20015,,,7779549,1150521,8424266,2020-11-24 04:35:13,IXE0-TQJR-UU5F,
40029,30258,,10013,,20041,,,5106929,5291891,4606707,2020-10-11 22:40:32,3MC4-168E-6WSF,
40030,30062,,10006,,20027,,,5183001,2868642,7210853,2020-08-13 05:55:22,07VJ-2Q3H-7YPY,
40031,30104,,10034,,20036,,,7107649,7949144,1241716,2020-11-11 18:59:19,OOJ8-1T08-NXS5,
40032,30138,,10027,,20014,,,7051961,2052027,8403365,2020-11-20 23:36:13,1EOI-PQDA-4QFO,
40033,30421,,10040,,20043,,,4196025,2381703,2184439,2020-08-29 10:19:20,4H3M-GGI5-R06M,
40034,30268,,10027,,20012,,,9079405,3645676,5118450,2020-11-28 09:10:24,V9WJ-L5XA-308M,
40035,30078,,10018,,20041,,,8029829,5856971,6726645,2020-01-09 20:19:13,V4WH-MGJJ-HFW4,
40036,30436,,10033,,20035,,,6519688,4003815,4208967,2020-11-28 04:23:02,EG7G-CAF7-MW0T,
40037,30255,,10009,,20022,,,6599146,7095165,8782213,2020-07-09 04:41:52,KP02-EULA-FI74,
40038,30213,,10037,,20037,,,4633972,8165763,1669726,2020-07-23 16:29:16,O1C7-75W1-DJ7I,
40039,30424,,10043,,20041,,,8295078,1667285,7061500,2020-08-12 23:59:52,WTHE-C7DI-U1JV,
40040,30158,,10035,,20021,,,8808184,5756001,3488829,2020-09-09 00:49:58,6UE8-TBCN-7BL6,
40041,30260,,10017,,20015,,,2426116,7488233,2856779,2020-03-22 23:43:16,AJSJ-IKIJ-YYYT,
40042,30126,,10042,,20018,,,3136301,7072019,8926102,2020-02-03 18:00:34,WIFQ-KXDE-LZ6G,
40043,30340,,10023,,20039,,,2554933,1742201,4065566,2019-12-11 08:15:34,JWKG-RJ36-Z778,
40044,30098,,10006,,20005,,,4057801,7110898,2779792,2019-12-15 07:00:23,XT81-XDO6-X2Y7,
40045,30017,,10037,,20047,,,6037978,3702706,9731917,2020-01-10 22:56:20,UMXG-VF7U-EMM1,
40046,30305,,10020,,20007,,,8730719,6985123,4601143,2019-12-11 22:26:24,IHZL-X226-PJIZ,
40047,30470,,10010,,20004,,,5340543,7299357,7172113,2020-02-08 06:41:37,F7BH-H9F0-5QM8,
40048,30202,,10015,,20045,,,4379019,2352580,6523276,2020-09-13 17:23:00,V755-N8CR-Z685,
40049,30383,,10022,,20036,,,7647088,2222447,8420153,2020-10-16 15:06:44,REYO-H7QG-1Z32,
40050,30316,,10001,,20032,,,8293113,7227387,6284870,2020-02-17 21:37:08,QI5J-RIQZ-L8ZX,
40051,30113,,10043,,20041,,,3268193,5530343,8221995,2020-04-20 08:35:00,9RVA-AHTO-R724,
40052,30234,,10044,,20036,,,9345079,8664841,1851073,2020-04-01 19:02:03,2RZF-NDQO-J7X6,
40053,30291,,10028,,20027,,,5522257,1541636,9403025,2020-09-24 17:54:30,N86Z-WTNY-7ODW,
40054,30453,,10046,,20028,,,8151992,7576845,5117076,2020-04-26 11:49:43,QYDB-REAE-Y5R7,
40055,30038,,10009,,20033,,,2190510,5584668,7569190,2020-04-06 15:59:59,UIVD-X9DG-Q4F6,
40056,30444,,10044,,20033,,,1816711,1317708,3932505,2020-03-16 21:00:24,Q4KX-I23L-OFYS,
40057,30209,,10025,,20018,,,9896886,1681378,8076698,2020-08-20 21:42:36,PX4P-9U5P-XS1C,
40058,30220,,10008,,20021,,,2619075,1098159,3631179,2020-03-31 21:42:29,5RON-REBD-SS05,
40059,30379,,10029,,20030,,,8666953,8885971,4688056,2020-02-16 08:12:22,RED8-TSI3-5I62,
40060,30225,,10044,,20024,,,5186386,2464564,7789624,2020-08-27 14:49:02,845Z-6GIX-82Y3,
40061,30016,,10017,,20016,,,9239463,6897593,4354371,2020-04-01 17:12:40,EQER-BCS5-KCK9,
40062,30132,,10022,,20015,,,6563640,6073854,5600557,2020-06-07 07:42:07,9A3G-JVKC-IWLM,
40063,30373,,10005,,20017,,,8182790,6399436,7652271,2020-05-29 14:57:43,MBUX-DYQH-QPV9,
40064,30369,,10006,,20004,,,9646906,3205509,1721516,2020-10-21 14:41:51,I665-P7CX-EAML,
40065,30200,,10010,,20005,,,6536345,7609452,8217080,2020-08-14 01:31:43,EDTX-88N9-GFO6,
40066,30438,,10023,,20029,,,6992544,7795377,9078901,2020-06-24 14:38:42,63UA-DMT7-76KY,
40067,30156,,10014,,20019,,,6960053,3006141,8865746,2020-08-03 09:04:27,1KD8-XOT5-SYKV,
40068,30488,,10002,,20028,,,2296014,4316010,7960020,2020-01-17 04:06:11,FADD-E9KZ-FIK3,
40069,30135,,10009,,20004,,,3146077,7054260,3946998,2020-04-07 02:39:51,OJ65-TF6D-8Q2O,
40070,30426,,10030,,20011,,,3652013,8513757,1775528,2020-05-07 03:48:48,LD71-B7X0-VZ2U,
40071,30137,,10038,,20049,,,4374928,2641115,5167352,2020-11-01 22:02:36,AN7B-512H-HZS6,
40072,30169,,10027,,20027,,,1093458,7909411,6233606,2020-05-30 22:45:06,9T6J-99RD-6ZMT,
40073,30196,,10014,,20050,,,8462916,4944816,7376336,2020-10-06 01:44:28,UB8Z-JNZ8-TD4R,
40074,30462,,10041,,20027,,,3808741,6549436,8599725,2020-02-23 02:30:57,5LRV-S1HC-Z113,
40075,30273,,10017,,20006,,,4732777,1579201,9798015,2020-08-09 15:03:00,USBF-OVVH-C1OL,
40076,30003,,10024,,20010,,,9745845,3840125,2376516,2020-08-17 12:59:02,QXYY-6GT7-SB80,
40077,30241,,10027,,20046,,,8765688,8746798,1216335,2019-12-12 15:16:58,628F-U4R2-19TG,
40078,30022,,10042,,20042,,,6301806,2090789,2975452,2020-04-19 11:26:43,K8XQ-TVDV-SK2P,
40079,30168,,10009,,20006,,,6561187,5395267,3503962,2020-03-31 02:39:17,26V1-CO89-8RYJ,
40080,30200,,10047,,20003,,,2934967,6725413,6816336,2020-07-21 16:23:15,MVAT-97H8-RKWE,
40081,30105,,10049,,20011,,,4290523,5944254,7271343,2020-11-11 07:03:30,WM7L-UEVS-Y92F,
40082,30382,,10004,,20016,,,1381137,9491580,1099749,2020-08-31 04:06:59,P54X-JJR4-QCIN,
40083,30070,,10010,,20036,,,5367556,8569828,1346239,2020-01-05 19:40:09,7QK6-168U-TVZ0,
40084,30244,,10044,,20038,,,4199673,9253235,1744887,2020-07-28 12:36:46,05BW-ZNVC-URST,
40085,30015,,10015,,20011,,,7819901,1501719,6044950,2020-04-23 07:12:50,XQTQ-2TGW-1UQE,
40086,30117,,10016,,20002,,,8206749,5942707,8416258,2020-01-11 04:14:02,MY9G-QN4Y-4S7Q,
40087,30284,,10045,,20042,,,8649966,7936373,1347758,2020-07-27 20:15:35,K101-REEG-KK3E,
40088,30180,,10048,,20030,,,9512110,3230204,3199418,2020-09-24 05:27:34,MK0N-261N-E49T,
40089,30060,,10049,,20045,,,5604708,5047963,9267623,2020-08-24 22:02:14,B5S5-G74X-O2GE,
40090,30210,,10013,,20042,,,1626530,2012920,9120324,2020-03-02 04:44:07,WKMN-8NOI-5GJS,
40091,30417,,10036,,20029,,,2593277,8543196,9368508,2020-06-22 09:53:44,X3SR-2P3Y-1HW2,
40092,30346,,10021,,20005,,,2020376,1265725,4630115,2020-06-06 03:12:44,112T-G8MX-VPNX,
40093,30383,,10001,,20015,,,8076646,2819314,2289907,2020-08-25 14:22:04,30QT-MRL7-ZMWO,
40094,30070,,10009,,20025,,,5279222,1359239,9768734,2020-08-01 22:32:56,X1GJ-VIEG-YB9K,
40095,30134,,10006,,20002,,,4921551,7889117,2104198,2020-02-19 10:52:38,60F7-2J58-8N44,
40096,30158,,10040,,20011,,,5100396,4620728,9873173,2020-02-16 08:59:04,IN1T-4FA0-KNSY,
40097,30458,,10006,,20037,,,5528832,1695675,6216141,2020-06-05 09:06:35,XFJW-I4QW-2NNJ,
40098,30100,,10036,,20043,,,7710874,5721360,7846170,2020-06-06 03:21:55,SNZA-945O-D0C2,
40099,30262,,10041,,20049,,,6125141,6774890,5682760,2020-10-29 10:01:09,8RJ5-CPNW-G7QD,
40100,30427,,10004,,20050,,,1474934,1770512,5331353,2020-01-03 07:57:04,YMI4-51WY-MX0U,
40101,30187,,10015,,20034,,,1608936,4122317,1733306,2020-02-03 22:45:20,KU1S-1YR2-LHJ8,
40102,30423,,10009,,20005,,,9656563,9129678,4832672,2020-05-11 01:57:05,PDKB-V1T4-KHDG,
40103,30200,,10001,,20045,,,2820376,2254059,8745250,2020-08-10 04:40:42,IA85-6WZR-UXVZ,
40104,30312,,10026,,20038,,,2652711,8607084,4377541,2020-07-30 05:12:12,PD70-D2AG-62H1,
40105,30360,,10040,,20045,,,2642088,8254761,9227911,2020-01-01 14:19:13,KVIG-DNWQ-CWD2,
40106,30074,,10050,,20005,,,7729089,4476859,4728653,2020-07-13 08:48:50,WSR8-HMZL-UXZB,
40107,30232,,10031,,20017,,,4737527,7408176,6730136,2020-09-30 20:07:07,FO6Z-YWJD-IT8T,
40108,30338,,10049,,20007,,,6163804,7346256,3671499,2020-11-29 05:52:11,LG9Q-M8TV-KBC7,
40109,30152,,10046,,20005,,,4235803,9324095,2254937,2020-06-25 18:42:23,7F7G-AHBI-I934,
40110,30010,,10037,,20017,,,8502553,1296657,6052146,2020-09-15 14:29:57,11BA-4LAX-5J6N,
40111,30035,,10034,,20013,,,3897916,2742437,8896685,2020-01-29 18:43:22,DNYE-XOMD-EELQ,
40112,30142,,10050,,20026,,,8887609,2720860,3079154,2020-07-15 20:59:15,DVFB-B83V-QX8O,
40113,30338,,10035,,20029,,,5296903,6559626,4452988,2020-06-19 08:08:05,O2RF-XIA7-F51E,
40114,30314,,10046,,20042,,,1892678,1042479,2321131,2020-08-19 09:27:07,3P41-SSMH-6XDJ,
40115,30093,,10039,,20021,,,7005299,6123664,1469685,2020-07-19 09:00:58,YH2N-CWWJ-BSGP,
40116,30152,,10017,,20044,,,5153704,1505770,8683665,2020-03-21 14:09:48,I1C6-NMOQ-NABT,
40117,30142,,10033,,20018,,,9991598,1192336,6845156,2020-09-29 13:32:46,FKJG-OUUP-C915,
40118,30232,,10021,,20042,,,3851091,1482766,1597093,2020-09-14 10:28:47,OCK6-19IO-GBWN,
40119,30418,,10036,,20017,,,9854806,2089486,6724352,2020-04-05 09:02:03,FGHF-I7A5-U4T1,
40120,30199,,10044,,20009,,,8240031,2908626,6559163,2020-08-24 01:34:39,2S8A-SVAI-50ZK,
40121,30360,,10047,,20027,,,1433547,5367206,4958407,2020-07-23 21:11:16,OWXN-SUCL-Y5LR,
40122,30359,,10011,,20039,,,3635746,4010904,3675339,2020-06-16 00:29:15,N2A5-3FF0-TFXB,
40123,30043,,10013,,20002,,,6286873,9556678,1969209,2020-03-22 10:07:42,EEP7-W5GR-QB5I,
40124,30205,,10004,,20001,,,8048342,5764227,1810031,2020-04-01 00:21:35,QEL3-ZJKV-NNI4,
40125,30182,,10040,,20007,,,1823449,9638916,5306304,2020-10-03 18:14:47,11Q6-MT38-HSAF,
40126,30151,,10008,,20027,,,6785681,6414491,4664090,2020-01-29 16:26:13,1N1I-A39W-E2ZW,
40127,30212,,10024,,20016,,,8465715,2483148,6723057,2020-07-10 05:09:37,YJWD-I1OP-OFIG,
40128,30284,,10034,,20043,,,7930313,7102403,6914450,2020-08-30 05:57:46,0YQ4-S1V1-OIB5,
40129,30086,,10042,,20034,,,2230026,8791573,6220447,2020-04-25 16:53:25,953K-J4KA-N9TA,
40130,30345,,10015,,20029,,,7534824,7204119,2319185,2020-10-12 07:45:23,TWT0-90HA-LM3D,
40131,30468,,10005,,20012,,,5497776,6323189,5175350,2020-09-25 21:22:57,0RW3-ZIBN-H032,
40132,30434,,10024,,20009,,,3302549,4404101,2043317,2020-04-23 14:49:47,2MM7-2Z3F-Q9WD,
40133,30002,,10018,,20002,,,4600615,9222107,4736770,2020-11-26 19:04:36,1FRH-Z88T-0HLG,
40134,30184,,10027,,20031,,,6962552,5435601,6772620,2020-01-27 03:34:55,DIF7-6WB1-BKUC,
40135,30026,,10023,,20032,,,9310685,8303330,6910510,2020-07-12 05:43:29,VMN0-H0MQ-08PA,
40136,30364,,10009,,20006,,,8369268,7443703,6803897,2020-01-11 23:05:28,1PR0-2D61-A6TO,
40137,30069,,10027,,20030,,,9706267,6598005,5871862,2020-10-21 20:49:34,6STQ-SHMO-4YHM,
40138,30186,,10011,,20009,,,6928147,9194702,9347357,2020-01-25 17:23:47,TSRB-UXHT-M7WG,
40139,30252,,10025,,20033,,,3479843,9770978,2638357,2020-03-16 12:52:08,JQS9-SI0O-SE9G,
40140,30440,,10024,,20049,,,5673538,9899219,6094096,2020-06-07 04:55:26,XATW-3JII-I2KP,
40141,30399,,10024,,20015,,,1666328,1144294,4061795,2020-05-26 10:59:20,VI95-XJMX-XIUO,
40142,30221,,10026,,20021,,,2398867,6824838,9774495,2020-07-11 16:59:12,5CSS-KPYQ-DHJO,
40143,30236,,10041,,20020,,,7568212,3534990,6168044,2020-02-13 22:51:41,AQDB-Y0PK-NFIA,
40144,30100,,10015,,20009,,,6181216,3876692,7930091,2020-04-22 07:07:52,9K2Z-98X5-KONA,
40145,30126,,10042,,20048,,,5346407,8704553,9210390,2020-07-06 05:25:37,218R-4AKY-1S88,
40146,30295,,10032,,20029,,,3424033,9314986,6459545,2020-04-21 18:02:21,BMEN-A9NA-A609,
40147,30318,,10016,,20019,,,7251249,2755852,8687877,2020-06-19 12:20:08,C1PC-XJ96-9PEV,
40148,30267,,10028,,20047,,,2007710,3437711,6416828,2020-10-17 19:28:33,XPM1-D7BY-AC55,
40149,30253,,10031,,20032,,,2323541,1405807,7261669,2020-11-06 00:46:23,UI2C-63IK-O6TZ,
40150,30109,,10020,,20028,,,9369124,7745658,4400654,2020-03-08 08:27:02,BY4R-M1TH-I0MJ,
40151,30026,,10036,,20019,,,8046638,9037827,4728098,2020-10-01 17:16:11,TKSK-TW2V-OPFD,
40152,30250,,10042,,20027,,,6519991,4349444,5398242,2020-01-30 10:52:08,EYY1-VXMP-L10M,
40153,30297,,10036,,20028,,,9123230,2411102,5471521,2020-02-20 08:06:40,LUMD-F7WM-QTBJ,
40154,30279,,10010,,20014,,,7359408,5838071,7607720,2020-11-07 17:29:11,TN85-CH9I-ZE4V,
40155,30353,,10041,,20015,,,8099553,4146794,7199350,2020-05-29 01:26:53,477I-FVUD-1L9V,
40156,30156,,10047,,20015,,,1999471,6357502,2556300,2020-07-16 00:22:36,GYOH-7JXC-DAST,
40157,30144,,10038,,20047,,,4885797,1862483,6295877,2020-02-01 01:36:41,HCFC-3UR7-RGTN,
40158,30048,,10014,,20045,,,1918039,3812440,3501943,2020-04-07 11:30:48,BCPO-GOY3-59EG,
40159,30096,,10020,,20003,,,3355256,1248785,6044490,2020-05-30 21:57:04,3SDN-YH97-QO7Z,
40160,30223,,10040,,20004,,,3998082,1202173,9060777,2020-11-19 11:31:21,ODLJ-VSUJ-P3NL,
40161,30466,,10044,,20031,,,7394769,9682596,5531842,2020-09-01 20:59:29,MYG4-6YJT-33O3,
40162,30136,,10038,,20040,,,1997261,3136783,9604112,2020-02-13 17:56:20,Z36P-FLF2-Q7TO,
40163,30360,,10034,,20005,,,2283148,6915159,4273584,2020-09-19 19:22:18,GR4T-KMLM-60XG,
40164,30316,,10042,,20032,,,7513696,7476190,7968740,2020-09-10 11:56:25,GXXI-W2NC-GS0R,
40165,30418,,10025,,20001,,,2080348,1000079,8425263,2020-09-19 02:42:13,U037-ZLIY-8T3N,
40166,30125,,10010,,20049,,,8087868,8713430,3329694,2020-08-09 22:12:21,MBR2-SVRM-V5KU,
40167,30395,,10024,,20040,,,2941028,1175667,5598265,2020-03-30 08:42:37,EVRP-20JQ-YJRG,
40168,30053,,10041,,20013,,,2033985,4921069,6429999,2020-08-04 21:24:09,16D4-HOS7-9J9V,
40169,30402,,10031,,20014,,,1711472,3206447,2999700,2020-04-20 05:10:03,IG3Z-27PL-Q1EK,
40170,30188,,10027,,20028,,,4383990,8305176,1292548,2020-05-25 12:52:30,3FXA-4AAM-72KX,
40171,30209,,10010,,20045,,,7280633,2363575,1825832,2020-10-05 01:14:22,N3LO-A5W9-UL7S,
40172,30138,,10044,,20028,,,2417577,8071212,9853469,2020-06-01 18:40:33,PEAG-UEGU-4F8J,
40173,30147,,10008,,20036,,,9130707,6490159,3414780,2020-09-18 23:39:14,LKXZ-1TX8-VXQZ,
40174,30418,,10036,,20004,,,3747233,7445192,4006632,2020-02-16 09:58:58,M45Y-TRIP-257S,
40175,30171,,10028,,20021,,,1939577,2990954,4180005,2020-08-03 12:10:27,UPPP-VH5K-N3QY,
40176,30449,,10002,,20031,,,4590166,8997114,1797985,2020-10-25 21:06:15,EKCK-VIX5-5FFZ,
40177,30028,,10042,,20022,,,6777163,6220646,1789579,2020-05-10 15:50:01,YLJP-2SB5-HOJR,
40178,30303,,10039,,20011,,,9729054,4862080,3540451,2020-03-09 05:54:28,5DEX-TK2E-PUHC,
40179,30084,,10025,,20035,,,7922534,7122043,8813031,2020-10-24 06:27:52,VIWW-K1NI-HRA5,
40180,30371,,10003,,20043,,,7304905,5406073,4756845,2020-11-23 01:14:22,JMVR-C19S-7SR2,
40181,30021,,10033,,20032,,,7761411,5117570,7185526,2020-05-13 23:06:51,JHFC-8RO0-7WTS,
40182,30305,,10038,,20035,,,7306189,3787638,8322551,2020-09-28 07:52:28,4G6P-P7OU-APWQ,
40183,30239,,10001,,20004,,,9896592,7620823,7953865,2020-06-14 17:04:23,2NPJ-C602-OPKH,
40184,30270,,10025,,20013,,,6139168,7832699,7490730,2020-10-05 11:04:38,CLXO-C7KY-P7D6,
40185,30201,,10022,,20038,,,3940070,3903932,1587052,2020-11-20 02:53:33,3QAD-31NY-8Z4N,
40186,30216,,10041,,20002,,,2872253,4225800,7701898,2020-10-14 03:48:19,CO32-RY8Q-2GIP,
40187,30184,,10039,,20042,,,4048113,5615178,1260261,2020-09-10 15:58:32,MTDY-51T3-U3Q9,
40188,30251,,10024,,20027,,,6771583,1297462,4524397,2020-01-12 22:23:46,7SBQ-FXSF-FEYD,
40189,30229,,10005,,20015,,,5727146,6776435,2076880,2020-06-17 02:41:55,4FXN-ITPC-4WHI,
40190,30099,,10014,,20047,,,5076339,2102953,6358197,2020-10-04 17:33:11,VQUV-Q6CA-VWUZ,
40191,30484,,10022,,20014,,,9402095,9153781,5486721,2020-07-27 18:57:23,UNKT-B572-F2QH,
40192,30009,,10026,,20008,,,7311676,7303081,6719753,2020-08-26 19:32:49,HB89-NNF1-U527,
40193,30280,,10025,,20017,,,1486204,2276929,2588004,2020-06-20 04:45:17,M8W4-P4Q1-PP08,
40194,30006,,10049,,20026,,,9877139,5787404,8811635,2020-11-20 03:20:06,PSII-MAZJ-UHSN,
40195,30380,,10031,,20007,,,2016529,8917065,5264753,2020-05-23 21:42:40,S9O3-2LRV-PI7X,
40196,30054,,10025,,20008,,,8929435,5552910,3085325,2020-07-18 05:24:58,IDLD-2VQP-M36U,
40197,30438,,10006,,20021,,,6728139,8943559,7377596,2019-12-11 17:29:31,H01P-YQA4-SD5B,
40198,30396,,10036,,20005,,,2986872,5337615,4608913,2020-08-10 06:59:25,47G3-DDA0-LU2L,
40199,30390,,10033,,20050,,,3428543,1762593,4148158,2020-05-01 23:17:05,52MZ-X6DM-890L,
40200,30454,,10029,,20026,,,4027511,8658394,2507187,2020-06-23 17:11:43,F8PX-I665-4S0X,
40201,30463,,10027,,20039,,,7981542,1066955,5546859,2020-10-13 15:17:26,IFI6-6VNW-H9JI,
40202,30338,,10025,,20008,,,4419194,1692644,4265619,2020-01-02 01:35:04,XV5X-8LGP-7PV5,
40203,30040,,10020,,20027,,,1964288,6153628,8699000,2020-02-15 15:36:50,HNSM-DQYI-SNNB,
40204,30490,,10036,,20013,,,9225912,7128439,7532794,2020-12-10 05:13:30,ZN2Q-6QX3-67RQ,
40205,30004,,10037,,20012,,,1484436,7884872,2411505,2020-07-06 00:17:12,DGWX-7G4W-3497,
40206,30113,,10005,,20041,,,2501495,5994438,8736573,2020-02-23 15:00:21,R38O-28F9-5TB4,
40207,30497,,10038,,20026,,,4014971,2098789,7073815,2020-05-15 22:01:59,0ZCY-I886-9F5R,
40208,30488,,10043,,20024,,,1903140,2764890,5405192,2020-07-24 02:52:17,5R9Y-R9SM-M751,
40209,30358,,10044,,20047,,,7400275,1815973,7793270,2020-05-19 01:05:00,BWOZ-IVJW-M2KX,
40210,30216,,10032,,20044,,,9381137,7977940,1750240,2020-04-20 04:31:22,UWTN-BBJV-K5AW,
40211,30091,,10039,,20004,,,4335146,7851549,4505493,2020-08-14 11:42:45,PJND-BHCL-S48K,
40212,30426,,10016,,20049,,,9755767,8481608,4773232,2020-11-08 19:49:40,BOSG-3L15-GCHK,
40213,30112,,10030,,20017,,,7826450,6520641,7071826,2020-09-12 04:21:16,9EED-W951-2X29,
40214,30344,,10037,,20041,,,3080219,9191365,1088715,2020-01-11 23:19:26,UNO6-GIB3-FH1Y,
40215,30261,,10041,,20035,,,4695737,8474111,2942389,2020-10-12 22:43:55,PYEN-5X54-4I69,
40216,30065,,10007,,20010,,,4988410,7770827,4520299,2020-11-26 12:41:39,XGCJ-ULYS-54R7,
40217,30233,,10002,,20045,,,2432124,5865387,4524187,2020-10-17 22:01:08,IWI8-4MUH-0RMN,
40218,30453,,10031,,20003,,,1830279,7806609,4032835,2020-09-09 19:58:58,YCIB-HSLQ-1D21,
40219,30428,,10004,,20041,,,2308320,8382652,6477015,2019-12-16 14:24:53,UBIF-VOFU-5HRA,
40220,30412,,10006,,20022,,,9814722,2222609,1682345,2020-07-07 05:01:14,XAUK-ZHP5-1AFH,
40221,30470,,10037,,20019,,,5302585,6892103,2431585,2020-03-21 10:09:33,QJLR-S6EF-0XLX,
40222,30333,,10045,,20048,,,8263835,9457369,6850075,2020-06-18 15:43:48,U2XA-86D4-5K8R,
40223,30322,,10025,,20017,,,9176982,8148860,4373640,2020-06-26 13:47:38,1I13-EZ7M-KYUN,
40224,30179,,10042,,20007,,,2302769,6628379,5865028,2020-12-04 06:53:16,KG9T-NBLT-C37J,
40225,30325,,10031,,20013,,,3038034,9783685,5449708,2020-02-03 08:31:33,3JXK-06P5-K9ZJ,
40226,30427,,10050,,20035,,,8645799,9792020,7051177,2020-08-20 01:25:37,5Q69-EO1H-MTB5,
40227,30255,,10001,,20013,,,8449622,4106718,1415851,2020-11-09 17:55:59,WPQH-28FO-973Z,
40228,30088,,10012,,20043,,,9203060,6683391,2384516,2020-06-25 01:57:19,4QOH-OFJ3-X9XT,
40229,30296,,10045,,20035,,,6564945,6391499,5962385,2020-10-12 13:00:05,SGR8-R24B-LN0S,
40230,30451,,10020,,20012,,,5895588,3283935,1299731,2020-01-22 07:18:50,262C-F2GQ-Z07G,
40231,30024,,10007,,20009,,,3298155,3871991,2619286,2020-05-09 15:55:15,LYY8-3NW2-E78Y,
40232,30368,,10039,,20035,,,8947154,7683114,6280312,2020-03-02 11:57:23,2I1C-2STP-QPR9,
40233,30022,,10024,,20048,,,4076177,8267895,3391124,2020-02-03 20:04:01,YR6G-45B5-7N0H,
40234,30478,,10024,,20031,,,5791363,5838077,8671991,2020-06-25 14:38:18,TKR5-Z2Y2-GFGR,
40235,30338,,10026,,20031,,,5867212,9443860,5263540,2020-03-09 10:47:21,4QYB-K4FX-GR0I,
40236,30245,,10041,,20021,,,8977621,2429251,1637149,2020-02-20 21:48:35,PBM8-5MRV-RAVJ,
40237,30427,,10017,,20020,,,6646322,2721423,1031792,2020-10-07 06:57:31,0N3P-F8Y1-OCAN,
40238,30028,,10040,,20021,,,4234312,2971008,3345569,2020-04-15 03:01:36,X56X-DNI6-A50E,
40239,30330,,10020,,20044,,,9440464,8888327,9106016,2020-11-17 20:33:52,HTLI-J28C-I3BQ,
40240,30350,,10048,,20042,,,5865308,8520821,3483610,2019-12-12 14:04:42,AW6G-NRF5-OLE8,
40241,30294,,10044,,20009,,,2232068,4109223,9389535,2020-08-03 18:18:00,MAJ1-J2XZ-DQ3W,
40242,30437,,10002,,20032,,,4476078,3715023,5476664,2020-05-26 08:28:48,MNW1-3LMY-IRH0,
40243,30321,,10021,,20047,,,8660439,2951391,5582163,2020-09-07 23:24:25,IX7M-8I00-VOJ0,
40244,30141,,10012,,20012,,,8709514,8324750,9692793,2020-02-23 10:11:19,VSCW-WP7I-6YZ1,
40245,30333,,10031,,20031,,,7136351,4155799,8744637,2020-02-01 17:39:25,OHU2-SXW2-S5Y2,
40246,30072,,10032,,20031,,,1712369,6950102,3569229,2020-04-16 05:25:27,XPG5-BNTG-LY01,
40247,30220,,10045,,20041,,,1232705,8633074,2156639,2020-03-29 16:13:51,OZH0-0GV5-03YJ,
40248,30489,,10039,,20041,,,6189608,5825618,6972196,2020-09-17 14:56:57,FGV9-Y8L8-QOYC,
40249,30390,,10045,,20014,,,1407628,9921356,5846003,2020-01-22 00:28:57,25GP-8PQV-HAQY,
40250,30061,,10011,,20026,,,1912729,4806725,4891384,2020-04-29 09:20:59,OK3F-BZ4A-13AV,
40251,30015,,10021,,20001,,,3898580,8100484,2101383,2020-11-19 19:26:07,80C5-DU30-K7ZG,
40252,30286,,10016,,20035,,,6202317,9375968,9513939,2020-07-06 03:20:31,3GXA-SATD-ROTB,
40253,30419,,10042,,20050,,,9195460,6589634,3939961,2020-05-22 13:10:45,3D8H-U0MX-90PW,
40254,30228,,10014,,20001,,,5901920,7315910,9628540,2020-06-09 17:07:38,UWJC-QVOU-8Q93,
40255,30139,,10017,,20035,,,6196544,1696631,6548410,2020-11-02 18:28:53,WM3C-YLTD-KZ4I,
40256,30434,,10007,,20014,,,7160510,2573824,5922880,2020-04-24 18:09:27,ZRDF-HASY-Q6YY,
40257,30438,,10038,,20049,,,6944323,1270038,6859920,2020-06-13 04:51:09,V6VN-4Z2X-GCTG,
40258,30061,,10043,,20025,,,4256058,1144045,6309972,2020-05-11 04:07:24,WCW2-VDGN-IYJ1,
40259,30211,,10047,,20042,,,7747992,7131583,3369918,2020-04-23 16:22:04,G6BG-AAC9-932P,
40260,30466,,10046,,20019,,,5863102,7131911,3924900,2020-11-10 00:06:17,MENL-ELJQ-EWEB,
40261,30089,,10037,,20045,,,1157714,5300667,6616142,2020-08-03 10:44:17,M3F6-ZL03-EEDQ,
40262,30280,,10008,,20008,,,9892005,8647792,3028214,2020-03-02 00:27:06,P6PW-FUGC-HC03,
40263,30277,,10009,,20013,,,1671472,8920801,8235912,2020-09-29 17:17:00,KDLT-RC2B-QSHQ,
40264,30319,,10026,,20034,,,1367199,3020713,3042099,2020-10-02 16:28:46,NVFR-0HFM-S7A1,
40265,30029,,10050,,20034,,,7841185,2703309,3329938,2020-06-27 08:10:25,I30N-K687-26GI,
40266,30102,,10018,,20024,,,4321131,5774018,5359452,2020-06-17 06:29:05,ZXSJ-PS8X-N4D6,
40267,30274,,10045,,20021,,,4434080,2881013,5521299,2020-09-11 13:45:31,LH1P-LO57-OMI7,
40268,30235,,10010,,20013,,,3207707,5829065,6193095,2019-12-12 18:34:28,Q2ZR-OORN-S9K9,
40269,30167,,10027,,20001,,,6883681,8314890,6596632,2020-05-06 05:37:04,MGNJ-WHI7-44Y3,
40270,30156,,10002,,20001,,,5100351,4683290,7924933,2020-05-06 00:53:35,LY1N-AS0V-GBZB,
40271,30088,,10028,,20027,,,1653989,5348777,2084551,2019-12-11 22:45:02,C5TY-GHIS-SQ98,
40272,30183,,10010,,20009,,,7879724,2489474,9866843,2020-06-11 02:04:24,OK48-HFPG-3GP5,
40273,30457,,10002,,20026,,,4587879,9488270,3787343,2020-08-10 17:36:24,QY6P-IIM2-F2US,
40274,30328,,10037,,20006,,,9745090,1631588,4737111,2020-04-01 20:31:00,NFUT-YVT2-Q153,
40275,30016,,10019,,20018,,,3345335,1797676,1230206,2020-05-05 01:37:33,M8QE-CXAH-M0VA,
40276,30386,,10038,,20034,,,4665086,4952476,5961546,2020-08-31 08:04:03,XUII-PN8Q-J717,
40277,30250,,10041,,20009,,,7158010,8170644,8333287,2020-08-13 03:18:07,UQDG-M716-TAJY,
40278,30308,,10024,,20027,,,5352127,8018708,4969893,2020-08-28 03:24:54,KR84-DBNH-AXH6,
40279,30470,,10041,,20040,,,1603841,9339914,7173491,2020-02-14 10:12:47,OZZ8-C1J9-JVXN,
40280,30214,,10029,,20005,,,5748342,3101877,3763838,2020-10-23 21:33:11,JN70-EKX9-XZDT,
40281,30373,,10050,,20005,,,4829005,1699628,1381047,2020-03-21 09:52:50,CDK3-DA1X-2CEY,
40282,30440,,10043,,20018,,,4171115,7054786,1673022,2020-02-24 00:19:59,7QNH-R096-Q5RD,
40283,30181,,10043,,20025,,,5870893,8805864,6235382,2020-10-21 13:42:21,WFI5-Q3UZ-KB8Q,
40284,30317,,10015,,20010,,,8907669,8626521,2682134,2020-10-08 20:52:05,WRJD-CALW-KG2Q,
40285,30190,,10012,,20050,,,7625492,7621869,3002351,2020-05-31 16:51:35,JGXM-4GUV-KSCX,
40286,30280,,10004,,20007,,,4753861,3534316,5043702,2020-05-11 11:48:26,OF06-J1J1-I3ZA,
40287,30411,,10006,,20018,,,3986407,9491560,7377148,2020-04-06 12:12:02,HPFH-L6WB-KS6Q,
40288,30197,,10022,,20043,,,4687480,8358852,5772910,2020-11-11 12:22:35,6GLQ-T5AY-F0IS,
40289,30184,,10017,,20003,,,2267390,6591699,1283537,2020-06-05 20:04:16,HSZB-B6G5-YEAO,
40290,30308,,10031,,20039,,,2416468,2090103,6344783,2020-03-30 01:07:08,45HZ-PY1U-F4P0,
40291,30279,,10025,,20004,,,3259041,4868263,4955293,2020-05-20 14:23:46,LQUM-BCUZ-DLNW,
40292,30425,,10043,,20006,,,5031829,1152822,7734371,2019-12-11 13:23:42,998U-9RE2-DDCT,
40293,30410,,10030,,20039,,,1010282,5100052,8167873,2020-05-03 15:47:38,8L3K-N22W-RVV7,
40294,30022,,10040,,20016,,,1536963,9036340,5627399,2020-06-15 17:22:35,JD5F-SNOH-WYMA,
40295,30375,,10043,,20008,,,3856972,7257743,7831651,2020-07-24 23:31:45,HLQJ-15D4-MIT7,
40296,30485,,10050,,20018,,,4056138,6914490,6860581,2020-11-20 05:23:49,5MRZ-6U8Z-KH0H,
40297,30157,,10008,,20005,,,5684514,8134315,7470243,2020-05-15 01:34:23,K7LI-77DI-SUES,
40298,30425,,10031,,20003,,,9488865,8945981,9166648,2020-06-07 04:02:26,CA37-4BI8-SDHC,
40299,30247,,10008,,20013,,,1333483,3365092,3533915,2020-05-20 15:39:46,NN14-ELTP-PFNH,
40300,30310,,10048,,20049,,,9817604,4765290,7495359,2020-02-14 13:03:37,0BIG-JCX3-XXB0,
40301,30044,,10050,,20014,,,8167351,4064840,5854254,2020-09-27 11:34:52,OT1K-NHC2-WVGJ,
40302,30285,,10012,,20018,,,7530103,6782309,3508030,2020-02-03 22:22:43,52H3-7Q5Q-6IT5,
40303,30112,,10021,,20001,,,8002465,4219186,9268848,2020-10-23 17:23:41,GD17-8B1W-LU4U,
40304,30019,,10001,,20024,,,1634609,8887798,9228877,2020-01-27 11:50:39,OP34-YINK-FWHY,
40305,30306,,10028,,20022,,,9326230,1689181,3162521,2020-10-30 06:38:49,KFOJ-RGAH-R1G1,
40306,30422,,10043,,20028,,,9492317,8216253,9840508,2020-05-16 23:55:31,4N5P-UVPQ-L49Z,
40307,30015,,10003,,20037,,,5165267,1272277,5630331,2020-10-29 10:14:49,X3VR-DQSH-A4FP,
40308,30114,,10001,,20008,,,3104328,4337738,6243104,2020-09-11 15:51:26,B8J1-BEJW-39EQ,
40309,30158,,10040,,20018,,,4200289,4249852,3273726,2020-02-17 20:09:22,L149-9QRT-DIA4,
40310,30158,,10030,,20047,,,3757705,8163767,2283204,2020-05-12 12:08:51,W7ZP-0FHL-826V,
40311,30065,,10010,,20016,,,5254827,3971237,6620334,2020-02-09 13:34:03,MCVE-IKUT-LHPH,
40312,30362,,10020,,20040,,,2554125,9667329,6693393,2020-11-23 15:30:19,KYYE-XJ7K-IBEB,
40313,30075,,10046,,20029,,,4581024,9367224,5913581,2020-05-07 02:56:38,64VG-AX0D-CWBS,
40314,30316,,10013,,20004,,,3552574,6196207,2573579,2020-08-21 05:00:35,ONR0-TL7X-XX4S,
40315,30379,,10047,,20039,,,9805531,2601277,3849305,2020-03-26 14:47:55,NVOZ-0UNB-NHE6,
40316,30359,,10001,,20029,,,7641651,2530379,7016157,2020-03-26 10:54:25,22T4-V98C-7IJF,
40317,30476,,10044,,20007,,,8543187,8030415,2775085,2020-10-08 15:15:39,USKG-F6CZ-HT5Q,
40318,30306,,10046,,20007,,,4918516,8932942,6868035,2020-08-09 07:48:33,WMPN-LUOZ-U9II,
40319,30319,,10024,,20018,,,2600308,5531037,1666852,2020-05-21 03:14:19,SDDF-2LTO-UHAU,
40320,30479,,10049,,20020,,,2846830,7285440,1393599,2020-01-01 21:12:44,9LKP-9W19-WDGE,
40321,30244,,10032,,20009,,,9460358,3221662,1427272,2020-01-24 03:49:03,ANWQ-8456-DXLG,
40322,30098,,10037,,20027,,,4044645,5007752,9602060,2019-12-30 11:47:44,NY6A-2ZZA-BOGM,
40323,30276,,10048,,20028,,,7570410,7963211,9565765,2020-02-08 14:51:21,GZN7-ZQAN-IY7L,
40324,30125,,10021,,20048,,,4021377,8970010,9135205,2020-02-16 11:08:39,FCGF-F5K6-VC7G,
40325,30090,,10031,,20015,,,3359770,4233071,8182644,2020-07-16 12:34:59,3DC3-MYLW-OY8G,
40326,30276,,10031,,20024,,,1751262,8317364,7027909,2020-01-15 15:04:19,1DO4-553J-FKGT,
40327,30341,,10011,,20049,,,4419410,2277849,1113978,2020-03-10 01:58:28,EI4L-7782-3YT5,
40328,30357,,10007,,20028,,,2568155,3606457,8780949,2020-01-22 00:13:08,LBEP-5N3D-LKES,
40329,30181,,10011,,20003,,,2550562,5357182,1779405,2020-10-28 16:04:10,D2MW-ADCW-Z8J2,
40330,30384,,10037,,20024,,,5890455,4547300,1557147,2020-02-27 17:20:51,ASVJ-VMOH-LF9R,
40331,30279,,10047,,20035,,,8425233,9897770,8994752,2020-09-10 05:18:34,CC89-L2D8-05PU,
40332,30181,,10041,,20011,,,5417893,6889907,4098876,2020-10-05 03:40:39,5WI4-HVL8-E3YQ,
40333,30391,,10044,,20044,,,6816892,7838223,3998085,2020-09-05 09:04:57,LL2Z-JL73-7304,
40334,30089,,10011,,20006,,,1062846,1063268,6418240,2020-04-07 21:10:24,E5P7-FTJ8-6YQW,
40335,30227,,10049,,20036,,,9074033,7926473,7262470,2020-10-20 21:43:44,6R9P-5NMI-D9VW,
40336,30068,,10031,,20040,,,8711923,6938826,8460117,2020-02-21 11:18:59,K7TK-94BT-R6GX,
40337,30358,,10046,,20035,,,8190959,4723202,3754631,2020-07-11 21:16:12,M1BQ-MX55-C7C3,
40338,30242,,10043,,20013,,,2537227,2062225,1273438,2020-03-21 12:38:44,TKIK-5MGI-PUWS,
40339,30285,,10034,,20017,,,4467607,7800576,4484539,2020-08-18 01:24:55,MTYH-HQ5J-43ZV,
40340,30408,,10033,,20027,,,5882662,7623510,3740763,2020-04-28 05:30:28,JXRE-UOL8-YKI4,
40341,30360,,10038,,20004,,,9212901,9371055,8375371,2020-08-03 10:17:59,NAQ6-B1QA-31ZW,
40342,30373,,10016,,20036,,,5876882,8057661,5691898,2020-08-20 14:47:49,FUDP-ADSO-Y3J6,
40343,30160,,10037,,20034,,,7046281,9345439,6075250,2020-10-24 23:50:28,8QBO-GW5L-QZX7,
40344,30367,,10036,,20033,,,4119473,8470000,6270577,2020-05-26 00:58:30,1CBN-FW8D-XR1L,
40345,30365,,10006,,20030,,,7141960,1720790,1457268,2020-03-09 15:44:58,RNDK-738V-MXZY,
40346,30269,,10015,,20006,,,8930936,2777224,5350091,2020-07-10 13:19:35,HGYS-NCII-LL7K,
40347,30360,,10004,,20023,,,8191919,2207254,6001563,2020-01-19 06:57:24,3Y9L-NCYV-YZXN,
40348,30419,,10043,,20033,,,8091071,7072580,3234696,2020-05-17 06:42:31,15FR-5DJL-N0KW,
40349,30495,,10042,,20024,,,8950597,2637509,1119231,2020-07-15 08:43:06,M15K-HN9Z-5PDI,
40350,30207,,10018,,20028,,,6697820,9548902,5007260,2020-03-28 11:23:28,DA9Z-H3GH-Y01K,
40351,30091,,10042,,20020,,,4687634,2463542,2276012,2020-03-04 07:43:52,OB9E-0M3V-YBXC,
40352,30431,,10039,,20032,,,2822784,5800537,3100086,2020-08-18 08:30:20,J8PF-FJFM-0XBY,
40353,30317,,10038,,20029,,,9131388,4567450,6662217,2020-06-06 23:52:07,AO3F-MAGW-ZL7Z,
40354,30178,,10029,,20027,,,8585076,7213822,8463689,2020-09-02 18:17:18,9430-KL05-NNIB,
40355,30024,,10049,,20043,,,6051742,9935965,9069300,2020-10-28 22:51:53,4FZO-1HNQ-C0AV,
40356,30438,,10024,,20032,,,5500362,9213264,2359823,2020-10-08 00:23:05,0YYI-TBFA-TS4D,
40357,30467,,10027,,20035,,,7043836,6564863,7968747,2020-11-12 04:40:58,QDK4-6MJ7-6OKO,
40358,30141,,10048,,20045,,,6307101,3951548,8494369,2020-10-07 01:09:52,85V5-C4QM-T8YA,
40359,30049,,10017,,20020,,,8541687,2760458,2453502,2020-06-26 15:39:01,O5JF-HBMG-L27N,
40360,30476,,10013,,20039,,,2307694,5603605,4965574,2020-10-14 13:26:25,9B0C-W1N2-SULY,
40361,30025,,10050,,20013,,,1954868,2485529,7980296,2020-05-22 01:13:47,N3DE-9609-2VZH,
40362,30344,,10038,,20017,,,7551183,5967160,8698976,2020-06-12 22:39:34,MMX1-NKAX-IOP5,
40363,30492,,10022,,20047,,,8298335,6806644,8441315,2020-04-05 17:32:36,KPOQ-1HT3-91Q9,
40364,30253,,10007,,20043,,,9575415,6421596,9910255,2020-01-25 00:30:36,2N8Q-Y4XU-H91C,
40365,30458,,10034,,20038,,,2254230,2105598,3024344,2020-04-23 09:15:48,4BNV-1MSM-H0I2,
40366,30067,,10045,,20045,,,3000369,3507063,2533122,2019-12-21 14:18:34,L8J5-9RD3-4NLM,
40367,30329,,10005,,20013,,,4737238,4949909,2240387,2020-01-08 18:44:45,Y6M5-CTNV-2FMF,
40368,30146,,10030,,20019,,,1311872,2984374,3290206,2020-10-20 12:54:10,120O-9VTF-3MQ3,
40369,30112,,10025,,20025,,,8281474,5946218,3330033,2020-09-30 04:53:09,NB8N-3ZL3-5CTL,
40370,30085,,10049,,20025,,,1826301,5170481,7298120,2020-05-31 23:30:23,YNNP-T3YF-MMRA,
40371,30203,,10019,,20048,,,9015545,2192752,4912526,2020-03-30 03:58:12,1NKK-48ST-MB5F,
40372,30146,,10004,,20023,,,5377345,4312383,6834637,2020-08-29 04:52:55,X2Z2-LSL6-6XAE,
40373,30474,,10019,,20014,,,6581414,7606083,9589323,2020-07-24 00:47:38,IU4I-LETC-KWVN,
40374,30459,,10036,,20038,,,8564500,8531961,1076800,2020-11-26 22:27:12,QN33-58OW-WIHU,
40375,30041,,10003,,20047,,,6298576,2492727,6830074,2020-07-30 14:54:27,TXR3-4WUX-1CCA,
40376,30373,,10046,,20006,,,9050769,2818488,1141074,2020-06-24 19:29:42,9LLL-ROFW-HEGP,
40377,30461,,10023,,20014,,,2393215,9777608,1066901,2020-06-08 09:04:13,39MY-X1V3-UR5D,
40378,30469,,10001,,20045,,,7697133,2865258,3647530,2020-06-29 20:40:28,FSXA-1WC9-XCTK,
40379,30065,,10023,,20012,,,1523696,1710945,6469489,2020-11-17 02:00:21,6185-GKNB-CLE5,
40380,30088,,10032,,20048,,,9456182,2875359,4584840,2020-01-25 09:59:28,VIN1-92NX-45WG,
40381,30029,,10007,,20029,,,5037446,9228405,7709083,2020-08-07 22:52:39,JYOG-FA43-OV9W,
40382,30454,,10044,,20030,,,1950283,5040698,2569695,2020-04-09 19:39:59,I7NH-NOCL-9FDO,
40383,30342,,10019,,20031,,,7202352,9808923,7139262,2020-04-04 04:52:58,C5RQ-IBYD-E7KR,
40384,30039,,10026,,20043,,,6804939,8523334,1902284,2020-11-01 23:44:12,AZ5I-T067-LB2E,
40385,30440,,10027,,20037,,,2166421,5005249,9017673,2020-11-09 05:15:54,6J2Q-2PDN-YK0I,
40386,30308,,10039,,20008,,,4945232,1065577,2553770,2020-03-14 12:43:14,OFKI-JQUE-CX0D,
40387,30414,,10031,,20017,,,1933242,9871804,3501844,2020-06-16 07:12:53,STJS-4MUR-DC73,
40388,30011,,10032,,20048,,,4239058,8410698,6584130,2020-02-22 17:22:49,VZJ6-C0DM-K0FM,
40389,30375,,10008,,20045,,,2378109,6064329,6586473,2020-10-07 08:45:14,4IF7-PWIE-FTWK,
40390,30404,,10038,,20024,,,2625290,3521459,9834911,2020-01-07 02:55:17,R5U0-1H4Q-VE92,
40391,30212,,10001,,20030,,,5157476,4246216,6998768,2020-01-31 06:02:52,EI49-09FF-5TPR,
40392,30232,,10041,,20007,,,7689613,4126314,4409791,2020-08-02 16:16:06,QF1I-Q5A5-7LN5,
40393,30456,,10028,,20031,,,8594712,7844956,9785707,2020-03-10 04:50:06,IP3X-HDNV-1V4J,
40394,30168,,10009,,20046,,,1137873,8349469,1524655,2020-02-12 22:02:33,7U0Q-56XX-JHZ4,
40395,30105,,10045,,20033,,,3774914,6542456,8954998,2020-08-24 06:23:57,VVQM-ZWI9-ZTHG,
40396,30301,,10043,,20006,,,4992723,4646418,1815940,2019-12-16 00:35:22,TO2T-KPNN-RLRO,
40397,30044,,10023,,20040,,,9161798,4102530,8718892,2020-02-29 23:33:26,S4QH-EJZB-YZZV,
40398,30218,,10044,,20032,,,2990564,8884910,1324095,2020-07-14 03:45:45,0JYO-GKUD-MNE1,
40399,30123,,10001,,20012,,,4178926,6446363,3053538,2020-04-02 06:09:35,S4MP-6K05-CEWI,
40400,30110,,10027,,20003,,,7917628,9219119,1361839,2020-04-30 08:56:15,3MHK-N13X-NJIJ,
40401,30053,,10001,,20030,,,3347563,8691869,9344829,2020-05-18 18:33:28,QEIQ-D94D-7ZCR,
40402,30142,,10035,,20011,,,3055642,9135546,2940001,2020-09-14 21:06:40,5788-4NFF-0S67,
40403,30245,,10026,,20028,,,3645629,5187913,9143311,2020-05-21 01:42:06,QEUQ-FMDP-G7CI,
40404,30201,,10046,,20017,,,5242535,9850529,2026116,2020-01-31 12:34:12,0QN4-P2YU-ZIXW,
40405,30416,,10036,,20021,,,1536615,7040530,1052352,2020-02-11 18:49:21,MAI2-9O5O-6MZE,
40406,30360,,10048,,20041,,,7167984,6738456,5647237,2020-06-10 11:42:06,TJMR-3GQ2-YQ8N,
40407,30397,,10038,,20020,,,9994081,8164484,9477602,2020-09-22 22:32:29,AJ95-5TMA-EFIZ,
40408,30109,,10010,,20021,,,5987191,4862937,9285177,2020-02-20 08:37:31,VO0E-9WMJ-VK3I,
40409,30005,,10002,,20030,,,4538351,6875751,6488568,2020-10-16 03:49:07,NF7Z-ZAKU-29XF,
40410,30038,,10029,,20020,,,3994836,9207121,4312824,2020-10-23 21:55:48,ZSUE-IGBW-XEH8,
40411,30110,,10007,,20005,,,8912639,7414076,3398497,2020-08-07 15:00:01,2582-YWON-MYV7,
40412,30139,,10006,,20001,,,8095819,4306300,1836457,2020-11-19 21:40:52,FBPX-M3XI-5022,
40413,30444,,10037,,20011,,,9320157,9515852,7848307,2020-09-24 03:25:25,D9EU-CSYX-IQYG,
40414,30203,,10005,,20028,,,1255658,4246241,3091485,2020-10-02 01:29:01,YCX8-3PAL-ADZ1,
40415,30147,,10001,,20008,,,4146581,3664290,2672860,2020-04-24 15:04:22,UK39-GRU8-M7UU,
40416,30159,,10007,,20030,,,2159035,5627159,2425187,2020-02-29 19:48:52,PEOZ-0GWV-HAFX,
40417,30272,,10024,,20032,,,7763378,3338160,8671500,2020-02-08 17:49:15,BXUW-2UOG-YMUZ,
40418,30163,,10001,,20013,,,5510432,8523200,4561579,2020-06-12 00:22:15,CBVZ-Z8A0-6VEI,
40419,30473,,10044,,20015,,,9094896,8528418,3757508,2020-09-19 20:48:50,8QP9-308T-NGQC,
40420,30411,,10006,,20028,,,9355347,6060521,8207906,2020-09-07 15:09:24,Q29R-M580-AL6X,
40421,30203,,10023,,20007,,,2403326,4756765,4455018,2020-07-17 21:43:30,I5FB-T923-OFGE,
40422,30476,,10026,,20033,,,5815496,5243501,7148755,2020-02-13 07:42:51,IKXK-0PGQ-1MRD,
40423,30038,,10004,,20031,,,2842137,7143761,5767062,2019-12-27 08:45:38,ZOIN-BIX7-WAA6,
40424,30256,,10029,,20031,,,3720720,2304676,2121992,2020-05-25 15:39:56,Q9ZM-NMS6-PG6F,
40425,30141,,10012,,20020,,,4427401,8902678,7482678,2020-01-01 21:13:27,WMI6-S4DD-1EY7,
40426,30088,,10025,,20045,,,2817240,2491860,2591043,2020-01-08 05:55:34,WRY9-OBCT-AWJW,
40427,30356,,10007,,20002,,,8062554,3149644,1037215,2020-06-25 13:37:13,K3U9-3VQM-N4JG,
40428,30186,,10024,,20016,,,1212147,5137079,4558910,2020-02-08 00:31:52,6N4L-NKU9-UXBG,
40429,30292,,10013,,20048,,,8952912,3586301,9267384,2020-05-13 14:51:58,K0YW-YXY6-LFIV,
40430,30061,,10050,,20031,,,4427942,5851052,5591780,2020-10-23 12:25:49,YYYW-BRXE-KYJW,
40431,30464,,10042,,20050,,,2682596,6158403,5722549,2020-06-17 09:47:21,56DN-A2HR-CKRB,
40432,30007,,10039,,20034,,,3874276,4925600,6983386,2020-09-30 03:15:19,8275-KOA7-O4ZW,
40433,30033,,10033,,20014,,,9153313,8804458,3899028,2019-12-17 13:19:25,XQXR-EH35-PXJK,
40434,30108,,10009,,20018,,,9944947,4115528,9643369,2020-02-11 16:36:07,0IOJ-3065-K3Y7,
40435,30070,,10026,,20022,,,5520629,7708077,9805068,2020-05-23 06:38:47,MHJP-Y75Y-XLAB,
40436,30126,,10004,,20044,,,9285385,5099023,9510835,2020-06-22 00:56:23,M7R4-E9ME-8XIZ,
40437,30127,,10044,,20045,,,7570753,4847867,7595038,2020-01-14 08:24:01,J6W8-FGZC-RA2Q,
40438,30223,,10025,,20037,,,2761691,4258945,8239451,2020-01-26 12:48:39,C44N-A5MW-Z9Y8,
40439,30403,,10050,,20044,,,9705323,5201709,7069452,2020-11-30 08:45:18,199P-OUTF-6LQH,
40440,30450,,10014,,20028,,,5368213,4303354,6506932,2020-03-29 02:19:40,MDL6-WSB4-ZTG2,
40441,30181,,10019,,20031,,,6634833,8105297,6727281,2019-12-11 13:02:27,1XZ6-KQJ7-794M,
40442,30044,,10047,,20045,,,9008389,1090512,1064756,2020-07-09 06:37:12,WQ7H-A9QU-KRP9,
40443,30170,,10012,,20037,,,5862980,4753170,7441645,2020-08-04 11:55:31,9FNJ-QH1D-UJLL,
40444,30377,,10034,,20043,,,9003199,4843848,1842810,2020-06-24 09:44:41,T4IM-ESPL-5J63,
40445,30124,,10044,,20020,,,8353317,1741519,1232721,2020-12-04 00:09:01,A0XH-O9DC-L3JQ,
40446,30149,,10028,,20019,,,3853899,9886415,1033395,2020-03-17 22:52:18,UO01-RKZZ-YMY7,
40447,30480,,10014,,20024,,,3466366,1581517,2833608,2020-03-16 02:59:41,C573-VRUJ-RO3V,
40448,30345,,10025,,20019,,,7283423,3711216,8622192,2020-02-29 16:52:48,64GE-QVVH-2V7T,
40449,30375,,10025,,20041,,,9895131,8779807,1691939,2020-06-07 09:08:33,5ESG-TMQ7-ELJZ,
40450,30164,,10024,,20047,,,9426545,8211832,7143965,2020-08-20 06:18:05,IT1K-I5JV-YKO5,
40451,30106,,10005,,20022,,,8089002,8734198,2479952,2020-08-24 02:02:33,0HTB-HF3C-EW3A,
40452,30218,,10003,,20016,,,9773150,1347601,3462468,2020-05-19 09:43:43,UBXB-YZR9-Y3TG,
40453,30239,,10045,,20035,,,8772063,2225307,4627685,2020-11-03 11:06:37,VNXQ-REHT-8952,
40454,30349,,10018,,20013,,,8050429,5597869,5090443,2020-09-17 09:20:08,W4P9-O5GX-VY9M,
40455,30234,,10025,,20029,,,4858348,9385199,8500641,2020-07-06 12:48:46,G2AG-FADA-NPRD,
40456,30122,,10049,,20009,,,2438580,3704796,3582273,2020-12-05 18:02:49,2NPX-WUNS-Q7WW,
40457,30225,,10037,,20005,,,6933770,4372758,1158922,2020-01-17 11:54:19,S7BM-6L9C-NAZG,
40458,30043,,10025,,20012,,,2942393,5439364,8332312,2020-01-15 22:31:49,5958-PQX0-0OJ4,
40459,30029,,10006,,20047,,,8583324,2095488,8938166,2020-07-30 02:29:28,E2U8-81HO-NGC8,
40460,30466,,10025,,20002,,,2355929,1561241,5974495,2020-09-09 00:18:39,8HC3-V8X9-3QCB,
40461,30015,,10009,,20009,,,1637918,2571197,7842103,2020-08-25 04:08:15,G02F-8EGG-A0ZP,
40462,30272,,10033,,20034,,,4259184,1195236,4513132,2020-11-17 12:42:39,I9US-OUOL-HZ6Q,
40463,30454,,10039,,20037,,,2964300,6197454,9101089,2020-05-25 17:24:28,3K81-CCQ3-PUU5,
40464,30059,,10023,,20008,,,7945678,3483613,6607072,2020-10-13 20:16:01,KXQY-4DTK-CKWZ,
40465,30084,,10047,,20003,,,3127827,8173394,3493159,2020-02-27 21:39:42,OWSH-D166-8C7D,
40466,30262,,10032,,20036,,,3210679,5933960,1672222,2020-07-25 14:08:31,QMLN-IX4V-QBWW,
40467,30470,,10018,,20038,,,9688968,7370128,9605776,2020-04-20 07:05:33,5WEY-1USI-5BR0,
40468,30464,,10016,,20018,,,9663710,7772341,6119727,2020-06-06 11:50:39,RCA6-US40-ZSZV,
40469,30457,,10032,,20037,,,2105227,8069656,1933032,2020-12-07 12:15:20,0RH9-Q0EF-K2JL,
40470,30476,,10030,,20020,,,2912502,3701904,2881524,2020-06-18 13:02:35,CTS7-8240-74YW,
40471,30413,,10042,,20031,,,6201642,6805438,3148176,2020-04-16 18:02:31,UVAR-J1ZD-ARH1,
40472,30403,,10026,,20045,,,5849973,4452916,1235819,2020-05-01 12:34:52,38O9-WXDD-PBAH,
40473,30391,,10021,,20017,,,9826661,9229383,7361995,2019-12-21 16:16:36,TJZN-4UVW-S9PU,
40474,30027,,10049,,20026,,,2325674,2738784,5046501,2020-02-23 00:31:45,8OJO-GKML-GGN2,
40475,30264,,10030,,20013,,,5358037,1055169,5023839,2020-03-09 22:26:40,5KIG-VSRX-LMP1,
40476,30068,,10022,,20012,,,5561399,4519785,5319624,2020-10-17 16:09:49,FLJU-MJ5F-G4X0,
40477,30008,,10047,,20001,,,1193301,2529361,1822350,2020-02-21 03:34:41,CUG5-AFD8-E14R,
40478,30470,,10023,,20012,,,5721693,8303949,3875808,2020-03-23 03:22:15,9SEL-GNXB-C0M1,
40479,30163,,10035,,20049,,,7801902,3061703,4199522,2020-07-07 09:27:43,4DK5-7V5B-9JFC,
40480,30217,,10026,,20031,,,1181299,1566753,9686055,2019-12-15 00:12:37,J96L-X9N2-PZN3,
40481,30286,,10030,,20005,,,9988552,3783372,1517888,2020-01-13 16:50:06,H2UD-K0I6-M85X,
40482,30148,,10012,,20035,,,6938997,1753869,1694192,2020-07-01 17:08:26,VTCB-Z8XB-84EY,
40483,30248,,10046,,20037,,,6058656,9265642,5731192,2020-02-16 22:19:25,VS70-ZCKK-128N,
40484,30398,,10049,,20021,,,5524169,9398281,6122385,2020-02-23 12:27:33,0DPU-1NE4-3EBR,
40485,30475,,10002,,20032,,,6095138,7017287,1036623,2020-05-25 08:08:16,DA3C-XV0R-S40B,
40486,30326,,10029,,20035,,,3810012,1325821,1648554,2020-07-18 13:26:51,1KPM-0YTA-AUR2,
40487,30375,,10023,,20022,,,4507560,5970661,1459359,2020-11-10 12:21:59,AIEF-OY7H-XIJY,
40488,30274,,10003,,20049,,,6702223,9964841,1096843,2020-09-15 06:53:43,D9C5-PUEK-9OD2,
40489,30101,,10001,,20040,,,9037514,9104629,9209582,2020-08-23 10:31:07,LK3T-5UDS-HPTS,
40490,30453,,10045,,20005,,,6177370,4432289,5607201,2020-09-13 09:06:46,UBKX-XNQ5-7DUL,
40491,30074,,10032,,20002,,,1537269,2432024,1558155,2020-03-05 14:33:27,M65R-MVYO-GW3J,
40492,30487,,10041,,20035,,,3387361,8093857,2065258,2020-05-05 16:47:11,OQKD-RZ6F-V7CX,
40493,30258,,10048,,20035,,,6919289,7922333,5941252,2020-03-06 18:05:45,AKKA-HYEY-SKEJ,
40494,30216,,10002,,20020,,,3930588,6944201,5591841,2020-01-14 07:42:06,0ZI2-EIQ4-XIRD,
40495,30196,,10049,,20047,,,3963853,8834744,9712457,2020-05-25 18:30:10,YBUO-F43Z-1GH3,
40496,30321,,10025,,20030,,,8811625,4178665,1579473,2020-10-23 22:35:57,XLMQ-1ZFJ-CT4O,
40497,30292,,10033,,20039,,,5187691,9816466,1227977,2020-05-15 18:56:35,SRUH-YO8F-UZ8L,
40498,30244,,10045,,20038,,,3922674,1673972,4164311,2020-02-18 20:29:56,7H1L-4G2X-W1T4,
40499,30057,,10025,,20033,,,4355050,8579045,3700402,2020-01-02 04:31:06,J044-9TGV-649Y,
40500,30446,,10010,,20024,,,3876900,1058066,3647081,2020-10-13 04:16:32,3L2Y-BQQR-TPX1,
